"65.0","0.0","0.0","0.0","0.0","0.6000000238418579","0.10090126097202301","0.8917428851127625","0.007355854380875826","1.054675097256208E-10","0.5420106053352356","0.5103706121444702","0.5261906385421753","1.0"
"66.0","0.0","0.0","0.0","0.0","0.6000000238418579","0.32864242792129517","0.6710476279258728","3.093423438258469E-4","5.956105155746627E-7","0.6329997777938843","0.4880547523498535","0.5605272650718689","1.0"
"67.0","0.0","0.0","0.0","0.0","0.8999999761581421","0.7031705975532532","0.2965715825557709","6.935535930097103E-5","1.8848091713152826E-4","0.29820284247398376","0.3781023919582367","0.33815261721611023","0.0"
"68.0","0.0","0.0","0.0","0.0","0.6000000238418579","0.45448651909828186","0.5455133318901062","1.355447949435984E-7","8.38122071744607E-11","0.3196641504764557","0.3612784147262573","0.3404712677001953","0.0"
"69.0","0.0","0.0","0.0","0.0","0.6000000238418579","0.3091568350791931","0.6880338788032532","0.0028093005530536175","6.870455759866445E-9","0.27647656202316284","0.35029664635658264","0.31338661909103394","1.0"
"70.0","0.0","0.0","0.0","0.0","0.8999999761581421","0.9278625249862671","0.0721374973654747","1.3910961271790256E-10","2.7759570198071515E-9","0.45651328563690186","0.5338819026947021","0.495197594165802","1.0"
"71.0","0.0","0.0","0.0","0.0","0.8999999761581421","0.9822517037391663","0.017747465521097183","8.499467298861418E-7","1.9274314783102042E-11","0.5353888273239136","0.5895667672157288","0.5624778270721436","1.0"
"72.0","0.0","0.0","0.0","0.0","0.6000000238418579","0.2169455587863922","0.7743157148361206","0.00873872172087431","7.887847319754115E-11","0.3416926860809326","0.48256567120552063","0.41212916374206543","1.0"
"73.0","0.0","0.0","0.0","0.0","0.8999999761581421","0.6422920823097229","0.3576832413673401","2.459813913446851E-5","6.838704535994111E-8","0.19864118099212646","0.31189706921577454","0.2552691102027893","0.0"
"74.0","0.0","0.0","0.0","0.0","0.8999999761581421","0.9597734212875366","0.04022606834769249","4.958027375323582E-7","8.111073661679069E-14","0.1504550278186798","0.25358885526657104","0.20202194154262543","0.0"
"75.0","0.0","0.0","0.0","0.0","0.8999999761581421","0.881626546382904","0.11734003573656082","0.0010334026301279664","1.6220411125367207E-10","0.29049646854400635","0.46223774552345276","0.37636709213256836","1.0"
"76.0","0.0","0.0","0.0","0.0","0.8999999761581421","0.9884670376777649","0.0113024041056633","2.302989742020145E-4","2.849378404334857E-7","0.42670783400535583","0.5585074424743652","0.49260765314102173","1.0"
"77.0","0.0","0.0","0.0","0.0","0.8999999761581421","0.8071547150611877","0.18879380822181702","0.0040514469146728516","6.643863237343339E-9","0.467919260263443","0.4927990138530731","0.48035913705825806","1.0"
"78.0","0.0","0.0","0.0","0.0","0.8999999761581421","0.9817140698432922","0.018278880044817924","7.063388238748303E-6","1.9443073817626555E-9","0.38941094279289246","0.27508360147476196","0.332247257232666","0.0"
"79.0","0.0","0.0","0.0","0.0","0.8999999761581421","0.9729850888252258","0.027013521641492844","1.3712934787690756E-6","1.695932999069838E-12","0.21429061889648438","0.309679239988327","0.2619849443435669","0.0"
"80.0","0.0","0.0","0.0","0.0","0.8999999761581421","0.9554093480110168","0.04459036886692047","2.8321807121756137E-7","9.559939780990137E-14","0.20938237011432648","0.4194602072238922","0.31442129611968994","0.0"
"81.0","0.0","0.0","0.0","0.0","0.8999999761581421","0.8329651355743408","0.16703425347805023","6.30658917089022E-7","5.939046563568917E-12","0.26356741786003113","0.5347058773040771","0.39913666248321533","1.0"
"82.0","0.0","0.0","0.0","0.0","0.8999999761581421","0.9900525212287903","0.009944337420165539","3.1152196697803447E-6","1.730346177453157E-8","0.21492606401443481","0.2178957611322403","0.21641090512275696","0.0"
"83.0","0.0","0.0","0.0","0.0","0.8999999761581421","0.9127954840660095","0.06337550282478333","0.02382899448275566","2.645232033415823E-9","0.16372911632061005","0.19961759448051453","0.1816733479499817","0.0"
"84.0","0.0","0.0","0.0","0.0","0.6000000238418579","0.46333733201026917","0.5366556644439697","7.018170890660258E-6","1.0386632526282469E-10","0.21076472103595734","0.19235248863697052","0.20155860483646393","0.0"
"85.0","0.0","0.0","0.0","0.0","0.8999999761581421","0.8977373838424683","0.10226235538721085","2.460354266986542E-7","1.998167527706568E-13","0.2986898720264435","0.23327088356018066","0.2659803628921509","0.0"
"86.0","0.0","0.0","0.0","0.0","0.6000000238418579","0.254207044839859","0.6051520705223083","0.14064091444015503","1.327652614582786E-12","0.33389702439308167","0.31708866357803345","0.32549285888671875","1.0"
"87.0","0.0","0.0","0.0","0.0","0.6000000238418579","0.2991695702075958","0.695396900177002","8.80406063515693E-4","0.004553110804408789","0.4646356403827667","0.48417916893959045","0.4744074046611786","1.0"
"88.0","0.0","0.0","0.0","0.0","0.8999999761581421","0.8187474608421326","0.17699575424194336","0.004256788641214371","1.7927501261283396E-8","0.351737380027771","0.34165045619010925","0.3466939330101013","1.0"
"89.0","0.0","0.0","0.0","0.0","0.8999999761581421","0.5888617038726807","0.40791600942611694","0.0032223074231296778","3.828603406530462E-11","0.4766494929790497","0.42373302578926086","0.4501912593841553","1.0"
"90.0","0.0","0.0","0.0","0.0","0.6000000238418579","0.06078675016760826","0.9392081499099731","5.07825870954548E-6","2.0461511651692632E-10","0.6768562197685242","0.48216378688812256","0.579509973526001","1.0"
"91.0","0.0","0.0","0.0","0.0","0.8999999761581421","0.987899124622345","0.012100853025913239","2.979563210742109E-13","3.557798722297889E-9","0.3429622948169708","0.35036778450012207","0.34666502475738525","0.0"
"92.0","0.0","0.0","0.0","0.0","0.8999999761581421","0.9312196969985962","0.0685863196849823","1.9382040773052722E-4","1.8201343721102603E-7","0.2592495381832123","0.2647548019886017","0.262002170085907","0.0"
"93.0","0.0","0.0","0.0","0.0","0.8999999761581421","0.7792029976844788","0.2203674018383026","4.24186117015779E-4","5.4243087106442545E-6","0.3893388509750366","0.37859979271888733","0.3839693069458008","0.0"
"94.0","0.0","0.0","0.0","0.0","0.8999999761581421","0.6872182488441467","0.26755180954933167","0.0452299490571022","1.8636099330393563E-9","0.2716785669326782","0.2761502265930176","0.2739143967628479","1.0"
"95.0","0.0","0.0","0.0","0.0","0.6000000238418579","0.2012641727924347","0.7985678315162659","1.680013519944623E-4","4.675547275734271E-12","0.38530436158180237","0.1954764872789383","0.2903904318809509","0.0"
"96.0","0.0","0.0","0.0","0.0","0.6000000238418579","0.1936417669057846","0.8048589825630188","0.0014992700889706612","2.0585878834911142E-10","0.5379767417907715","0.4880288243293762","0.5130027532577515","1.0"
"97.0","0.0","0.0","0.0","0.0","0.8999999761581421","0.5559750199317932","0.4440249502658844","1.0159103376247702E-12","4.707571138462541E-12","0.35024717450141907","0.30284565687179565","0.32654643058776855","0.0"
"98.0","0.0","0.0","0.0","0.0","0.8999999761581421","0.7467020750045776","0.2532978057861328","7.98994811285203E-12","1.4493240030333254E-7","0.3862359821796417","0.2501574754714966","0.31819671392440796","0.0"
"99.0","0.0","0.0","0.0","0.0","0.6000000238418579","0.047453053295612335","0.9523903131484985","1.566242572152987E-4","5.4672721211401765E-11","0.4241170883178711","0.239345982670784","0.33173152804374695","0.0"
"100.0","0.0","0.0","0.0","0.0","0.6000000238418579","0.2585796117782593","0.6829074025154114","0.05851297453045845","2.1336367339586104E-8","0.2614535391330719","0.2649579644203186","0.26320576667785645","0.0"
"101.0","0.0","0.0","0.0","0.0","0.8999999761581421","0.5042163729667664","0.48398688435554504","0.011796721257269382","1.4740691334225176E-8","0.33544856309890747","0.3372533917427063","0.3363509774208069","1.0"
"102.0","0.0","0.0","0.0","0.0","0.8999999761581421","0.9630014896392822","0.004605209454894066","0.03239331766963005","4.7522372322028605E-12","0.1866668313741684","0.2597641050815582","0.22321546077728271","0.0"
"103.0","0.0","0.0","0.0","0.0","0.8999999761581421","0.9584948420524597","0.04149487614631653","1.0303072485839948E-5","3.7185809986794993E-9","0.32801738381385803","0.2247687578201294","0.2763930559158325","0.0"
"104.0","0.0","0.0","0.0","0.0","0.6000000238418579","0.10227884352207184","0.8780861496925354","0.019634990021586418","8.526110996691025E-14","0.4260988235473633","0.37783950567245483","0.40196916460990906","1.0"
"105.0","0.0","0.0","0.0","0.0","0.6000000238418579","0.14064301550388336","0.8567874431610107","0.002569562755525112","4.458266221474272E-12","0.5732424259185791","0.6488910913467407","0.6110667586326599","1.0"
"106.0","0.0","0.0","0.0","0.0","0.8999999761581421","0.6090184450149536","0.35705575346946716","0.033925820142030716","3.344044333976337E-13","0.21245652437210083","0.2997814416885376","0.2561189830303192","1.0"
"107.0","0.0","0.0","0.0","0.0","0.8999999761581421","0.8987255692481995","0.10092099010944366","3.534703282639384E-4","6.804614597483161E-12","0.23481547832489014","0.36556538939476013","0.30019044876098633","0.0"
"108.0","0.0","0.0","0.0","0.0","0.8999999761581421","0.8832552433013916","0.11674453318119049","7.0847299381282536E-12","2.2937237531550636E-7","0.2493039220571518","0.2631520628929138","0.2562279999256134","0.0"
"109.0","0.0","0.0","0.0","0.0","0.6000000238418579","0.25279471278190613","0.7453556060791016","0.0018463707529008389","3.3014125619956758E-6","0.594756543636322","0.4540953040122986","0.5244259238243103","1.0"
"110.0","0.0","0.0","0.0","0.0","0.8999999761581421","0.8716307282447815","0.12687861919403076","0.0012269190046936274","2.6373303262516856E-4","0.2463396042585373","0.18499726057052612","0.2156684398651123","0.0"
"111.0","0.0","0.0","0.0","0.0","0.8999999761581421","0.9695930480957031","0.030088238418102264","3.1868965015746653E-4","1.987942477299498E-9","0.09672939777374268","0.09230414032936096","0.09451676905155182","0.0"
"112.0","0.0","0.0","0.0","0.0","0.6000000238418579","0.2870951294898987","0.706055223941803","0.006849644239991903","2.2243660247056596E-9","0.2600423991680145","0.2918383777141571","0.2759403884410858","1.0"
"113.0","0.0","0.0","0.0","0.0","0.6000000238418579","0.20106467604637146","0.7989183068275452","1.5850304407649674E-5","1.1846379948110553E-6","0.5253777503967285","0.38436082005500793","0.45486927032470703","0.0"
"114.0","0.0","0.0","0.0","0.0","0.8999999761581421","0.7882198095321655","0.21178022027015686","7.950096202018198E-13","2.7900296656335755E-11","0.2577606439590454","0.28120020031929016","0.2694804072380066","0.0"
"115.0","0.0","0.0","0.0","0.0","0.8999999761581421","0.9921934604644775","0.007806567009538412","2.0313483154680428E-14","4.1196991022555973E-13","0.3452225625514984","0.29883384704589844","0.3220282196998596","0.0"
"116.0","0.0","0.0","0.0","0.0","0.8999999761581421","0.7506011128425598","0.2491411417722702","2.5770009960979223E-4","5.093455612836806E-8","0.5580405592918396","0.2827332019805908","0.4203868806362152","0.0"
"117.0","0.0","0.0","0.0","0.0","0.8999999761581421","0.9972892999649048","0.0027107088826596737","8.979478494097748E-9","7.161486681450668E-12","0.3979365825653076","0.3600948750972748","0.3790157437324524","0.0"
"118.0","0.0","0.0","0.0","0.0","0.8999999761581421","0.9694122672080994","0.03058033064007759","7.409745194308925E-6","3.919686298627101E-13","0.12112732976675034","0.19581355154514313","0.15847043693065643","0.0"
"119.0","0.0","0.0","0.0","0.0","0.6000000238418579","0.07296071946620941","0.9270340204238892","5.25112591276411E-6","2.9296424769627294E-13","0.4277477562427521","0.3339160084724426","0.38083189725875854","0.0"
"120.0","0.0","0.0","0.0","0.0","0.8999999761581421","0.973280131816864","0.026719100773334503","7.780104169796687E-7","1.952897912826934E-11","0.4069133996963501","0.3182787597179413","0.3625960946083069","0.0"
"121.0","0.0","0.0","0.0","0.0","0.6000000238418579","0.44339868426322937","0.5564479231834412","1.5337906370405108E-4","1.5588257681192763E-13","0.1436655968427658","0.11956945061683655","0.13161751627922058","0.0"
"122.0","0.0","0.0","0.0","0.0","0.8999999761581421","0.7724182605743408","0.2274734377861023","1.0830589599208906E-4","5.720788287533196E-10","0.21398772299289703","0.2081768661737442","0.21108229458332062","0.0"
"123.0","0.0","0.0","0.0","0.0","0.6000000238418579","0.21293246746063232","0.7865138053894043","5.537404795177281E-4","3.110273705253519E-10","0.25613975524902344","0.14385384321212769","0.19999679923057556","0.0"
"124.0","0.0","0.0","0.0","0.0","0.8999999761581421","0.9230037927627563","0.07699422538280487","1.9732810869754758E-6","8.569617931941664E-11","0.3429710268974304","0.24154821038246155","0.2922596335411072","0.0"
"125.0","0.0","0.0","0.0","0.0","0.8999999761581421","0.8419376015663147","0.1580624133348465","3.5589839408878277E-10","4.403969189326062E-9","0.4873706102371216","0.49532732367515564","0.4913489818572998","1.0"
"126.0","0.0","0.0","0.0","0.0","0.6000000238418579","0.48056989908218384","0.519428551197052","1.5568158460155246E-6","3.200024911720334E-9","0.5545955896377563","0.511277437210083","0.5329365134239197","1.0"
"127.0","0.0","0.0","0.0","0.0","0.8999999761581421","0.9956356883049011","0.004342358559370041","2.0901905372738838E-5","1.067565335688414E-6","0.5300012230873108","0.6006979942321777","0.5653495788574219","1.0"
"128.0","0.0","0.0","0.0","0.0","0.8999999761581421","0.7618919014930725","0.23802299797534943","8.511020860169083E-5","3.674232446071457E-11","0.5062885880470276","0.5127831697463989","0.5095359086990356","1.0"
"129.0","0.0","0.0","0.0","0.0","0.8999999761581421","0.9413001537322998","0.05869985744357109","3.6814926662742664E-9","1.7429289348586119E-12","0.243461012840271","0.3233690857887268","0.2834150493144989","0.0"
"130.0","0.0","0.0","0.0","0.0","0.8999999761581421","0.9987555146217346","0.0012444986496120691","1.2206657871451608E-14","1.1151712149201631E-12","0.2957260310649872","0.2130628079175949","0.25439441204071045","0.0"
"131.0","0.0","0.0","0.0","0.0","0.8999999761581421","0.9376389384269714","0.062361057847738266","1.5120563134907172E-10","1.3211353788733504E-8","0.4404420852661133","0.4357932507991791","0.4381176829338074","0.0"
"132.0","0.0","0.0","0.0","0.0","0.8999999761581421","0.5863981246948242","0.413588285446167","4.120359335502144E-6","9.503905857854988E-6","0.36494573950767517","0.25933191180229187","0.3121388256549835","0.0"
"133.0","0.0","0.0","0.0","0.0","0.8999999761581421","0.6512855291366577","0.3486263155937195","8.813506428850815E-5","1.8886303632115187E-9","0.19429132342338562","0.09541457146406174","0.14485295116901398","0.0"
"134.0","0.0","0.0","0.0","0.0","0.8999999761581421","0.5368082523345947","0.46217411756515503","0.0010176494251936674","1.2337163235454085E-10","0.13259528577327728","0.20114022493362427","0.16686776280403137","0.0"
"135.0","0.0","0.0","0.0","0.0","0.8999999761581421","0.8052803874015808","0.19471901655197144","2.4654400476720184E-7","3.7218339343780826E-7","0.18282505869865417","0.16783645749092102","0.1753307580947876","0.0"
"136.0","0.0","0.0","0.0","0.0","0.8999999761581421","0.5740805268287659","0.4259176552295685","6.860095425054169E-8","1.7604029380891006E-6","0.2833592891693115","0.15581436455249786","0.2195868194103241","0.0"
"137.0","0.0","0.0","0.0","0.0","0.8999999761581421","0.9061799645423889","0.09382002055644989","5.994226004446546E-9","1.4995785946325668E-8","0.12031569331884384","0.16350820660591125","0.14191195368766785","0.0"
"138.0","0.0","0.0","0.0","0.0","0.8999999761581421","0.7633680105209351","0.2366245687007904","7.415891104756156E-6","2.0529240529754134E-9","0.0938854068517685","0.08848363906145096","0.09118452668190002","0.0"
"139.0","0.0","0.0","0.0","0.0","0.8999999761581421","0.9994593262672424","5.405453266575933E-4","1.5724237576512066E-16","1.578258803647259E-7","0.2356855273246765","0.21595269441604614","0.22581911087036133","0.0"
"140.0","0.0","0.0","0.0","0.0","0.8999999761581421","0.9780545234680176","0.021945364773273468","1.0925003124384602E-7","9.26091911490623E-11","0.5291842222213745","0.5625079274177551","0.5458461046218872","1.0"
"141.0","0.0","0.0","0.0","0.0","0.8999999761581421","0.4846174418926239","0.3262171447277069","0.18916542828083038","4.240393640061492E-14","0.5897927284240723","0.5180230736732483","0.5539078712463379","1.0"
"142.0","0.0","0.0","0.0","0.0","0.8999999761581421","0.9739688038825989","0.025968823581933975","6.239047070266679E-5","4.2757915263980095E-11","0.3079394996166229","0.2527700364589691","0.280354768037796","0.0"
"143.0","0.0","0.0","0.0","0.0","0.8999999761581421","0.8637186288833618","0.13270007073879242","0.0035813134163618088","1.5742284862826916E-12","0.3523189127445221","0.34011310338974","0.34621602296829224","1.0"
"144.0","0.0","0.0","0.0","0.0","0.6000000238418579","0.0184348002076149","0.9815613627433777","3.820681740762666E-6","4.2345620065997736E-11","0.3254898190498352","0.30381137132644653","0.31465059518814087","0.0"
"145.0","0.0","0.0","0.0","0.0","0.8999999761581421","0.9988282918930054","0.001171589596197009","1.3917891145132089E-11","1.1054012105660149E-7","0.10472267121076584","0.1304260641336441","0.11757436394691467","0.0"
"146.0","0.0","0.0","0.0","0.0","0.6000000238418579","0.40881630778312683","0.5902242064476013","9.592043934389949E-4","2.4262430997623596E-7","0.2645103335380554","0.22299915552139282","0.24375474452972412","0.0"
"147.0","0.0","0.0","0.0","0.0","0.8999999761581421","0.9762195348739624","0.023780474439263344","1.3850375069068832E-8","3.122089045626275E-11","0.12890638411045074","0.13028036057949066","0.1295933723449707","0.0"
"148.0","0.0","0.0","0.0","0.0","0.8999999761581421","0.8064160346984863","0.19358161091804504","2.351902367081493E-6","4.712851203042545E-12","0.22669118642807007","0.17300350964069366","0.19984734058380127","0.0"
"149.0","0.0","0.0","0.0","0.0","0.8999999761581421","0.8326430916786194","0.16733390092849731","2.0311017578933388E-5","2.6747436550067505E-6","0.33357328176498413","0.3601561188697815","0.3468647003173828","0.0"
"150.0","0.0","0.0","0.0","0.0","0.8999999761581421","0.5999871492385864","0.39963045716285706","3.823500301223248E-4","7.107199451183988E-8","0.48037582635879517","0.3892967998981476","0.43483632802963257","0.0"
"151.0","0.0","0.0","0.0","0.0","0.6000000238418579","0.28885313868522644","0.7110192179679871","1.276273251278326E-4","1.3181409089235707E-12","0.5112979412078857","0.35734817385673523","0.4343230724334717","0.0"
"152.0","0.0","0.0","0.0","0.0","0.8999999761581421","0.6259278059005737","0.3729711174964905","0.0011010849848389626","1.9878018675534292E-10","0.3802889287471771","0.3381096124649048","0.35919928550720215","1.0"
"153.0","0.0","0.0","0.0","0.0","0.6000000238418579","0.14186280965805054","0.8508997559547424","0.007237430661916733","1.9379307186762063E-11","0.3377102017402649","0.3245087265968323","0.3311094641685486","1.0"
"154.0","0.0","0.0","0.0","0.0","0.6000000238418579","0.11817542463541031","0.880229651927948","0.0015878438716754317","7.09696223566425E-6","0.13301444053649902","0.1976846605539322","0.165349543094635","0.0"
"155.0","0.0","0.0","0.0","0.0","0.8999999761581421","0.6091242432594299","0.39087507128715515","6.728571406711126E-7","4.817556575886783E-9","0.2700241804122925","0.3469107747077942","0.30846747756004333","0.0"
"156.0","0.0","0.0","0.0","0.0","0.8999999761581421","0.9761373996734619","0.023862618952989578","9.783584609124318E-9","6.373877536880457E-10","0.41215798258781433","0.29349029064178467","0.3528241515159607","0.0"
"157.0","0.0","0.0","0.0","0.0","0.6000000238418579","0.008708999492228031","0.9891684651374817","0.002122554462403059","3.1775884701268353E-10","0.5680689811706543","0.3501192331314087","0.4590941071510315","1.0"
"181.0","0.0","0.0","0.0","0.0","0.8999999761581421","0.9984893202781677","0.0015106674982234836","2.6758336865717602E-11","4.063372571749824E-8","0.3283443748950958","0.4916185736656189","0.40998148918151855","1.0"
"182.0","0.0","0.0","0.0","0.0","0.8999999761581421","0.9992179870605469","7.820038590580225E-4","1.1734823568018639E-16","4.991291269185183E-10","0.337899774312973","0.35814642906188965","0.34802311658859253","0.0"
"183.0","0.0","0.0","0.0","0.0","0.6000000238418579","0.3349951505661011","0.6649046540260315","1.0016483429353684E-4","6.689471376830625E-8","0.4712922275066376","0.38082483410835266","0.4260585308074951","0.0"
"184.0","0.0","0.0","0.0","0.0","0.6000000238418579","0.05572226643562317","0.9240697622299194","0.020207971334457397","1.901569396736691E-12","0.711622416973114","0.6664246320724487","0.689023494720459","1.0"
"185.0","0.0","0.0","0.0","0.0","0.6000000238418579","0.3804152011871338","0.6189473867416382","6.374083459377289E-4","1.4899583980878053E-14","0.3671433925628662","0.2469683289527893","0.30705586075782776","0.0"
"186.0","0.0","0.0","0.0","0.0","0.8999999761581421","0.8338218331336975","0.1118464544415474","0.054331742227077484","1.3785208800745456E-14","0.3394306004047394","0.3171693980693817","0.32829999923706055","1.0"
"187.0","0.0","0.0","0.0","0.0","0.8999999761581421","0.5329376459121704","0.4316185712814331","0.03544379770755768","4.843177508345731E-12","0.36403998732566833","0.3546121120452881","0.3593260645866394","1.0"
"188.0","0.0","0.0","0.0","0.0","0.6000000238418579","0.4190216660499573","0.5798225998878479","0.0011556831886991858","7.685817138280981E-8","0.6750310659408569","0.8157624006271362","0.7453967332839966","1.0"
"189.0","0.0","0.0","0.0","0.0","0.8999999761581421","0.9999158978462219","8.40860593598336E-5","2.3275124960909143E-15","1.470678787085511E-11","0.5984211564064026","0.6286125183105469","0.6135168075561523","1.0"
"190.0","0.0","0.0","0.0","0.0","0.8999999761581421","0.8394967317581177","0.16050323843955994","1.1720814423188397E-11","2.1186023602126625E-8","0.524279773235321","0.5832383632659912","0.5537590980529785","1.0"
"191.0","0.0","0.0","0.0","0.0","0.8999999761581421","0.5838282108306885","0.4161395728588104","3.223331441404298E-5","2.3641791649375854E-11","0.422015517950058","0.3678084909915924","0.3949120044708252","0.0"
"192.0","0.0","0.0","0.0","0.0","0.6000000238418579","0.05340561270713806","0.9465920329093933","2.3753968889650423E-6","1.2367495536794865E-13","0.6256259083747864","0.482914000749588","0.5542699694633484","1.0"
"193.0","0.0","0.0","0.0","0.0","0.8999999761581421","0.7759577035903931","0.2235497236251831","4.925472312606871E-4","1.061096401174487E-13","-99999.0","-99999.0","-99999.0","0.0"
"194.0","0.0","0.0","0.0","0.0","0.6000000238418579","0.18209308385849","0.631958544254303","0.18594837188720703","5.977074946095229E-10","0.5102669596672058","0.5064259171485901","0.508346438407898","1.0"
"195.0","0.0","0.0","0.0","0.0","0.6000000238418579","0.35360774397850037","0.6375201344490051","0.008872127160429955","7.1606991447481505E-9","0.5422891974449158","0.5165359377861023","0.529412567615509","1.0"
"196.0","0.0","0.0","0.0","0.0","0.6000000238418579","0.19560837745666504","0.8043846487998962","6.028184088791022E-6","9.412162853550399E-7","0.5881946086883545","0.4700140357017517","0.5291043519973755","1.0"
"197.0","0.0","0.0","0.0","0.0","0.6000000238418579","0.22864651679992676","0.771342933177948","1.052923016686691E-5","1.9197631331846488E-11","-99999.0","-99999.0","-99999.0","0.0"
"198.0","0.0","0.0","0.0","0.0","0.6000000238418579","0.09394793957471848","0.9041085839271545","0.0019434916321188211","7.316960926040394E-11","-99999.0","-99999.0","-99999.0","0.0"
"199.0","0.0","0.0","0.0","0.0","0.6000000238418579","0.01992684043943882","0.9784147143363953","0.0016584323020651937","5.861751084523803E-10","0.44843223690986633","0.3910433053970337","0.4197377562522888","1.0"
"200.0","0.0","0.0","0.0","0.0","0.6000000238418579","0.2960255444049835","0.703870952129364","1.0348602518206462E-4","1.6350054643510248E-10","0.4967641830444336","0.30240175127983093","0.39958298206329346","0.0"
"201.0","0.0","0.0","0.0","0.0","0.6000000238418579","0.3712559938430786","0.6287420392036438","1.9640517621155595E-6","4.208040138564684E-9","0.5335354208946228","0.48507675528526306","0.5093060731887817","1.0"
"202.0","0.0","0.0","0.0","0.0","0.8999999761581421","0.9160611629486084","0.08393882215023041","1.1200386396126305E-8","3.1762452267121172E-15","0.2294461727142334","0.18004687130451202","0.20474651455879211","0.0"
"203.0","0.0","0.0","0.0","0.0","0.8999999761581421","0.9547391533851624","0.04525233060121536","8.511882697348483E-6","1.7024631704387616E-10","0.33010628819465637","0.26126009225845337","0.29568320512771606","0.0"
"204.0","0.0","0.0","0.0","0.0","0.8999999761581421","0.5392677187919617","0.46073126792907715","9.833863714447943E-7","3.3974483382853693E-13","0.29163408279418945","0.2859501540660858","0.28879213333129883","0.0"
"205.0","0.0","0.0","0.0","0.0","0.6000000238418579","0.3022347390651703","0.6977652311325073","1.6496382038155843E-10","1.8468672424720722E-10","0.3416140377521515","0.2205781489610672","0.28109610080718994","0.0"
"206.0","0.0","0.0","0.0","0.0","0.8999999761581421","0.672980785369873","0.32699406147003174","2.514966035960242E-5","1.8710782923037073E-10","0.31369709968566895","0.29649412631988525","0.3050956130027771","0.0"
"207.0","0.0","0.0","0.0","0.0","0.6000000238418579","0.37214645743370056","0.6086706519126892","0.019182922318577766","6.60429263360518E-12","0.32999300956726074","0.31691133975982666","0.3234521746635437","1.0"
"208.0","0.0","0.0","0.0","0.0","0.6000000238418579","0.24476538598537445","0.7494295835494995","0.00580498855561018","1.2572121121934288E-8","0.47135427594184875","0.3265703022480011","0.3989622890949249","1.0"
"209.0","0.0","0.0","0.0","0.0","0.8999999761581421","0.9157668948173523","0.08420123159885406","3.1883078918326646E-5","6.652753348213025E-11","0.3041846752166748","0.26053935289382935","0.2823620140552521","0.0"
"210.0","0.0","0.0","0.0","0.0","0.8999999761581421","0.9172181487083435","0.08272422105073929","5.761630745837465E-5","2.9095968689940577E-11","0.4335438311100006","0.4445089101791382","0.4390263557434082","0.0"
"211.0","0.0","0.0","0.0","0.0","0.8999999761581421","0.8368763327598572","0.16301074624061584","1.1275478027528152E-4","1.7610335589779424E-7","0.585701584815979","0.4946262836456299","0.5401639342308044","1.0"
"212.0","0.0","0.0","0.0","0.0","0.8999999761581421","0.9328323006629944","0.06716747581958771","1.6891549137199036E-7","7.101155574673612E-8","0.36983656883239746","0.2671859562397003","0.3185112476348877","0.0"
"213.0","0.0","0.0","0.0","0.0","0.8999999761581421","0.7460490465164185","0.23058147728443146","0.023367902263998985","1.573603867655038E-6","0.338670015335083","0.35009995102882385","0.34438496828079224","1.0"
"214.0","0.0","0.0","0.0","0.0","0.8999999761581421","0.8865075707435608","0.07501420378684998","0.038478195667266846","3.585862717869759E-10","0.5381892323493958","0.5869377255439758","0.5625634789466858","1.0"
"215.0","0.0","0.0","0.0","0.0","0.6000000238418579","0.05310751497745514","0.8929042816162109","0.05398821085691452","3.0825598150430178E-12","0.39907634258270264","0.44778555631637573","0.4234309494495392","1.0"
"216.0","0.0","0.0","0.0","0.0","0.8999999761581421","0.5614999532699585","0.43844375014305115","5.6297674746019766E-5","3.4840709757879597E-15","0.24417957663536072","0.5153968930244446","0.37978821992874146","1.0"
"217.0","0.0","0.0","0.0","0.0","0.8999999761581421","0.997376024723053","0.0026223298627883196","1.6169786931641283E-6","7.409224872089587E-14","0.5059208869934082","0.7707170844078064","0.6383190155029297","1.0"
"218.0","0.0","0.0","0.0","0.0","0.8999999761581421","0.6036615967750549","0.36148038506507874","0.034858014434576035","3.2447269870949924E-10","0.3197476267814636","0.48821812868118286","0.40398287773132324","1.0"
"219.0","0.0","0.0","0.0","0.0","0.8999999761581421","0.9710260629653931","0.02896733395755291","2.811377157740935E-7","6.340514119074214E-6","0.49309757351875305","0.650332510471344","0.5717150568962097","1.0"
"220.0","0.0","0.0","0.0","0.0","0.8999999761581421","0.8191344738006592","0.18041448295116425","4.248961922712624E-4","2.614389086375013E-5","0.2808624505996704","0.43497222661972046","0.35791733860969543","0.0"
"221.0","0.0","0.0","0.0","0.0","0.6000000238418579","0.35441917181015015","0.6417223215103149","0.003854653099551797","3.8403491089411546E-6","0.5587480068206787","0.7135870456695557","0.6361675262451172","1.0"
"222.0","0.0","0.0","0.0","0.0","0.8999999761581421","0.5811868906021118","0.41835081577301025","4.622765991371125E-4","3.8698502180523064E-9","0.35946255922317505","0.22974658012390137","0.2946045696735382","0.0"
"223.0","0.0","0.0","0.0","0.0","0.8999999761581421","0.5922310948371887","0.4065744876861572","0.0011938614770770073","5.625244625662162E-7","0.5901740789413452","0.2791169583797455","0.43464553356170654","1.0"
"224.0","0.0","0.0","0.0","0.0","0.6000000238418579","0.31223994493484497","0.6706379055976868","0.017122123390436172","2.1147218362289194E-13","0.6864548921585083","0.5681280493736267","0.6272914409637451","1.0"
"225.0","0.0","0.0","0.0","0.0","0.8999999761581421","0.5845107436180115","0.35550010204315186","0.05998915433883667","3.2198825853854696E-14","0.25257280468940735","0.34454935789108276","0.29856109619140625","1.0"
"226.0","0.0","0.0","0.0","0.0","0.6000000238418579","0.3587893843650818","0.6378960013389587","0.0033146250061690807","1.0520649022099926E-12","0.7334450483322144","0.7574660181999207","0.7454555034637451","1.0"
"227.0","0.0","0.0","0.0","0.0","0.8999999761581421","0.5883578658103943","0.4116227328777313","1.9408353182370774E-5","3.3692441740208745E-13","0.6229689121246338","0.6987934708595276","0.6608811616897583","1.0"
"228.0","0.0","0.0","0.0","0.0","0.8999999761581421","0.9320821762084961","0.0679081380367279","9.656022484705318E-6","2.4223622219210483E-8","0.24531066417694092","0.377002090215683","0.31115639209747314","0.0"
"229.0","0.0","0.0","0.0","0.0","0.8999999761581421","0.7806949019432068","0.21903541684150696","2.6968427118845284E-4","1.2443904795489402E-9","0.35124433040618896","0.5715003609657288","0.46137234568595886","1.0"
"230.0","0.0","0.0","0.0","0.0","0.8999999761581421","0.5556942820549011","0.4432305693626404","0.001075121690519154","1.0577510276086471E-13","0.5034860968589783","0.4633585512638092","0.48342233896255493","1.0"
"231.0","0.0","0.0","0.0","0.0","0.8999999761581421","0.7483929395675659","0.23985768854618073","0.01174935046583414","3.910999302192408E-11","0.31817835569381714","0.37120822072029114","0.34469330310821533","1.0"
"232.0","0.0","0.0","0.0","0.0","0.6000000238418579","0.220537930727005","0.592995822429657","0.186466246843338","3.254824409992807E-9","0.48021790385246277","0.5259655117988586","0.5030916929244995","1.0"
"233.0","0.0","0.0","0.0","0.0","0.8999999761581421","0.9770189523696899","0.02298029325902462","6.450483864498674E-14","7.287950438694679E-7","0.3561691641807556","0.3311164677143097","0.34364283084869385","0.0"
"234.0","0.0","0.0","0.0","0.0","0.8999999761581421","0.8991230130195618","0.09912478178739548","0.0017521526897326112","6.454927614640837E-8","0.1907452493906021","0.16335056722164154","0.17704790830612183","0.0"
"235.0","0.0","0.0","0.0","0.0","0.8999999761581421","0.7042043209075928","0.26381099224090576","0.03198447823524475","2.205116231834836E-7","0.42940977215766907","0.46449780464172363","0.44695377349853516","1.0"
"236.0","0.0","0.0","0.0","0.0","0.6000000238418579","0.0497329980134964","0.8397653102874756","0.11050167679786682","1.04695223844542E-12","0.5793523192405701","0.6635212302207947","0.6214367747306824","1.0"
"237.0","0.0","0.0","0.0","0.0","0.8999999761581421","0.5793716311454773","0.4206179082393646","1.0459124496264849E-5","2.7786970502319264E-9","0.36192381381988525","0.43174809217453003","0.39683595299720764","0.0"
"238.0","0.0","0.0","0.0","0.0","0.8999999761581421","0.766018271446228","0.23398107290267944","2.3089914691354352E-7","4.2710718162197736E-7","0.30676722526550293","0.3235745131969452","0.31517088413238525","0.0"
"239.0","0.0","0.0","0.0","0.0","0.8999999761581421","0.9117109179496765","0.07121994346380234","0.017069151625037193","1.2589214393177173E-10","0.17128868401050568","0.26917123794555664","0.22022995352745056","0.0"
"240.0","0.0","0.0","0.0","0.0","0.30000001192092896","0.33361145853996277","0.28778859972953796","0.37859994173049927","5.037854022837962E-10","0.2401372790336609","0.4089941382408142","0.32456570863723755","1.0"
"241.0","0.0","0.0","0.0","0.0","0.8999999761581421","0.6634042859077454","0.18655022978782654","0.1500455141067505","7.113111098397407E-13","0.2484178990125656","0.3250974118709564","0.2867576479911804","1.0"
"242.0","0.0","0.0","0.0","0.0","0.8999999761581421","0.5583149790763855","0.404525488615036","0.03715955466032028","3.4909217443840346E-13","0.3755108118057251","0.4410206973552704","0.40826576948165894","1.0"
"243.0","0.0","0.0","0.0","0.0","0.8999999761581421","0.6837799549102783","0.3155013620853424","7.187064038589597E-4","1.4458460817490248E-10","0.6170523166656494","0.6058029532432556","0.6114276647567749","1.0"
"244.0","0.0","0.0","0.0","0.0","0.8999999761581421","0.7115302681922913","0.2169511765241623","0.07151852548122406","6.16496409477918E-10","0.47630754113197327","0.600091814994812","0.5381996631622314","1.0"
"245.0","0.0","0.0","0.0","0.0","0.8999999761581421","0.8875009417533875","0.11187692731618881","6.221316289156675E-4","4.586210078372233E-9","0.2639365494251251","0.23794032633304596","0.25093844532966614","0.0"
"246.0","0.0","0.0","0.0","0.0","0.8999999761581421","0.9698425531387329","0.030156917870044708","5.59071679617773E-7","3.609623155931274E-10","0.32389476895332336","0.3047678470611572","0.3143312931060791","0.0"
"247.0","0.0","0.0","0.0","0.0","0.6000000238418579","0.4235471189022064","0.5165600776672363","0.05989277735352516","1.1346911908335922E-12","0.31264835596084595","0.43037036061286926","0.3715093731880188","1.0"
"248.0","0.0","0.0","0.0","0.0","0.6000000238418579","0.44071123003959656","0.44541528820991516","0.11387350410223007","3.3712431717763947E-12","0.489934504032135","0.6137306690216064","0.5518325567245483","1.0"
"249.0","0.0","0.0","0.0","0.0","0.8999999761581421","0.7695438861846924","0.21971021592617035","0.010745910927653313","8.674809315323273E-9","0.47350698709487915","0.6201695203781128","0.5468382835388184","1.0"
"250.0","0.0","0.0","0.0","0.0","0.8999999761581421","0.9936618208885193","0.006302852649241686","3.5346900403965265E-5","3.108312912614153E-11","0.2820926904678345","0.3612874448299408","0.32169008255004883","0.0"
"251.0","0.0","0.0","0.0","0.0","0.8999999761581421","0.9934439063072205","0.006508444901555777","4.762526441481896E-5","1.6757503371045424E-11","0.21407629549503326","0.2928987443447113","0.2534875273704529","0.0"
"252.0","0.0","0.0","0.0","0.0","0.8999999761581421","0.7025356292724609","0.2957427203655243","0.0017216835403814912","9.666002373509563E-12","0.4786955714225769","0.593110203742981","0.5359028577804565","1.0"
"253.0","0.0","0.0","0.0","0.0","0.8999999761581421","0.6698045134544373","0.32708799839019775","0.0031074779108166695","9.706875060688791E-12","0.2862062156200409","0.20143361389636993","0.243819922208786","0.0"
"254.0","0.0","0.0","0.0","0.0","0.30000001192092896","0.24244099855422974","0.18043504655361176","0.5771239399909973","2.585076157109634E-15","0.1888851672410965","0.2793993353843689","0.2341422438621521","1.0"
"255.0","0.0","0.0","0.0","0.0","0.8999999761581421","0.9626168012619019","8.884886628948152E-4","0.03649469465017319","4.820784681278285E-15","0.34081998467445374","0.19182971119880676","0.26632484793663025","0.0"
"256.0","0.0","0.0","0.0","0.0","0.6000000238418579","0.17628006637096405","0.7818881869316101","0.04183173179626465","1.430126156387601E-10","0.1654399186372757","0.09875065833330154","0.13209529221057892","0.0"
"257.0","0.0","0.0","0.0","0.0","0.6000000238418579","0.2843533754348755","0.6953911781311035","0.020255429670214653","3.984951035818085E-9","0.22353407740592957","0.24518465995788574","0.23435936868190765","0.0"
"258.0","0.0","0.0","0.0","0.0","0.8999999761581421","0.7166178822517395","0.28021591901779175","0.003166116075590253","1.0783050186091714E-7","0.5595024824142456","0.5320876240730286","0.5457950830459595","1.0"
"259.0","0.0","0.0","0.0","0.0","0.8999999761581421","0.9388832449913025","0.06102142855525017","9.529341332381591E-5","5.0953165242617615E-8","0.20743294060230255","0.23752474784851074","0.22247883677482605","0.0"
"260.0","0.0","0.0","0.0","0.0","0.6000000238418579","0.4302133321762085","0.537530779838562","0.032255757600069046","1.2266693261153705E-7","0.21521420776844025","0.2706354856491089","0.24292483925819397","0.0"
"261.0","0.0","0.0","0.0","0.0","0.8999999761581421","0.8951222896575928","0.06480468809604645","0.040072862058877945","1.546722359080377E-7","0.1445755809545517","0.2864242196083069","0.2154999077320099","1.0"
"262.0","0.0","0.0","0.0","0.0","0.8999999761581421","0.6596576571464539","0.1210072711110115","0.21933504939079285","9.039440307390123E-10","0.21419228613376617","0.31032705307006836","0.26225966215133667","1.0"
"263.0","0.0","0.0","0.0","0.0","0.6000000238418579","0.02845839224755764","0.7343173027038574","0.23722434043884277","3.21624156343972E-13","0.34515801072120667","0.4953247904777527","0.42024141550064087","1.0"
"264.0","0.0","0.0","0.0","0.0","0.8999999761581421","0.7224665284156799","0.09047873318195343","0.18705467879772186","5.9218624670620557E-8","0.19505693018436432","0.2053215354681015","0.2001892328262329","0.0"
"265.0","0.0","0.0","0.0","0.0","0.8999999761581421","0.9698445796966553","0.03015001490712166","8.948022127697186E-7","4.528704721451504E-6","0.21887844800949097","0.19260889291763306","0.205743670463562","0.0"
"266.0","0.0","0.0","0.0","0.0","0.30000001192092896","0.37021225690841675","0.22512497007846832","0.40466275811195374","7.273273650021395E-11","0.16971169412136078","0.24851210415363312","0.20911189913749695","0.0"
"267.0","0.0","0.0","0.0","0.0","0.8999999761581421","0.5690561532974243","0.3550494611263275","0.07589441537857056","5.771813148952587E-12","0.3227066695690155","0.42557066679000854","0.37413865327835083","1.0"
"268.0","0.0","0.0","0.0","0.0","0.6000000238418579","0.49845170974731445","0.49884283542633057","0.0027054764796048403","2.1451178333631304E-10","0.2386106550693512","0.48510056734085083","0.3618556261062622","1.0"
"269.0","0.0","0.0","0.0","0.0","0.8999999761581421","0.7221074104309082","0.2105695903301239","0.0673229917883873","2.732180454101396E-11","0.3172970116138458","0.36896976828575134","0.3431333899497986","1.0"
"270.0","0.0","0.0","0.0","0.0","0.8999999761581421","0.8434688448905945","0.1560971885919571","4.339431179687381E-4","2.357966799593214E-8","0.35387152433395386","0.4049805998802185","0.3794260621070862","0.0"
"271.0","0.0","0.0","0.0","0.0","0.8999999761581421","0.8640288710594177","0.13551437854766846","1.230640415961215E-11","4.5677393791265786E-4","0.3041806221008301","0.3663695752620697","0.3352751135826111","0.0"
"272.0","0.0","0.0","0.0","0.0","0.8999999761581421","0.6799924373626709","0.2957758605480194","0.024227183312177658","4.522562448983081E-6","0.5220813155174255","0.6785334944725037","0.6003074049949646","1.0"
"273.0","0.0","0.0","0.0","0.0","0.8999999761581421","0.5939217805862427","0.19358989596366882","0.2124883085489273","2.025512743641933E-11","0.20472444593906403","0.29256948828697205","0.24864697456359863","1.0"
"274.0","0.0","0.0","0.0","0.0","0.6000000238418579","0.14519472420215607","0.44557198882102966","0.40923330187797546","1.9555358597218202E-15","0.14007152616977692","0.1738465279340744","0.15695902705192566","0.0"
"275.0","0.0","0.0","0.0","0.0","0.8999999761581421","0.8300024271011353","0.16460742056369781","0.005390153732150793","1.5278537712336976E-13","0.24497553706169128","0.33494848012924194","0.2899619936943054","1.0"
"276.0","0.0","0.0","0.0","0.0","0.6000000238418579","0.071128249168396","0.9283496737480164","5.220517632551491E-4","5.318539011978096E-11","0.5931633114814758","0.5187378525733948","0.5559505820274353","1.0"
"277.0","0.0","0.0","0.0","0.0","0.6000000238418579","0.07935329526662827","0.8579067587852478","0.06273968517780304","2.8691891884591314E-7","0.44464772939682007","0.38590431213378906","0.41527602076530457","1.0"
"278.0","0.0","0.0","0.0","0.0","0.8999999761581421","0.7123240828514099","0.036506637930870056","0.25116923451423645","4.217438132059215E-8","0.31265899538993835","0.4384467601776123","0.3755528926849365","1.0"
"279.0","0.0","0.0","0.0","0.0","0.6000000238418579","0.4209696352481842","0.579023540019989","6.85320947013679E-6","4.86698570334454E-10","0.765148937702179","0.6392509937286377","0.7021999359130859","1.0"
"280.0","0.0","0.0","0.0","0.0","0.8999999761581421","0.9966750144958496","0.0030454029329121113","2.7952613891102374E-4","3.588669272858169E-8","0.16048811376094818","0.29708269238471985","0.22878539562225342","0.0"
"281.0","0.0","0.0","0.0","0.0","0.6000000238418579","0.45413368940353394","0.5411383509635925","0.0047279419377446175","6.295218790697277E-10","0.2079506367444992","0.3627459704875946","0.2853482961654663","1.0"
"282.0","0.0","0.0","0.0","0.0","0.8999999761581421","0.47675904631614685","0.26872584223747253","0.2545151114463806","2.7988120718594467E-13","0.19949093461036682","0.16806769371032715","0.18377931416034698","0.0"
"283.0","0.0","0.0","0.0","0.0","0.8999999761581421","0.822054922580719","0.17621548473834991","0.0017295916331931949","6.180346456829966E-9","0.15229234099388123","0.08242611587047577","0.1173592284321785","0.0"
"284.0","0.0","0.0","0.0","0.0","0.8999999761581421","0.8931292295455933","0.10338162630796432","1.3488938566297293E-4","0.00335423881188035","0.23309287428855896","0.27440083026885986","0.2537468671798706","0.0"
"285.0","0.0","0.0","0.0","0.0","0.8999999761581421","0.7510003447532654","0.24888049066066742","1.1807014379883185E-4","1.1069314496126026E-6","0.25489482283592224","0.24238958954811096","0.2486422061920166","0.0"
"286.0","0.0","0.0","0.0","0.0","0.8999999761581421","0.6560271978378296","0.12121569365262985","0.22275708615779877","2.532454779213822E-8","0.33701807260513306","0.3948025703430176","0.3659103214740753","1.0"
"287.0","0.0","0.0","0.0","0.0","0.8999999761581421","0.6850109100341797","0.31150004267692566","0.003489044262096286","1.810549399294814E-8","0.26909711956977844","0.4795173108577728","0.37430721521377563","1.0"
"288.0","0.0","0.0","0.0","0.0","0.6000000238418579","0.25610268115997314","0.7367672920227051","0.007130044978111982","1.18023057993355E-9","0.3712696433067322","0.7172772884368896","0.5442734956741333","1.0"
"289.0","0.0","0.0","0.0","0.0","0.8999999761581421","0.997834324836731","0.002164594829082489","8.957460977399023E-7","2.0203705730637012E-7","0.19431501626968384","0.27757731080055237","0.2359461635351181","0.0"
"290.0","0.0","0.0","0.0","0.0","0.6000000238418579","0.15434645116329193","0.8456526398658752","6.494341278084903E-7","2.5042214701898047E-7","0.38100993633270264","0.29654622077941895","0.3387780785560608","0.0"
"291.0","0.0","0.0","0.0","0.0","0.6000000238418579","0.1388927400112152","0.7832102179527283","0.07789705693721771","1.9601447201478273E-11","0.5783883333206177","0.6422311067581177","0.6103097200393677","1.0"
"292.0","0.0","0.0","0.0","0.0","0.6000000238418579","0.4154267907142639","0.5692363381385803","0.015336847864091396","4.172308332162089E-11","0.6158695816993713","0.3881642520427704","0.5020169019699097","1.0"
"293.0","0.0","0.0","0.0","0.0","0.6000000238418579","0.1545620560646057","0.8326796889305115","0.01275825034826994","4.2195965471725216E-11","0.678936243057251","0.43620723485946655","0.5575717687606812","1.0"
"294.0","0.0","0.0","0.0","0.0","0.8999999761581421","0.6408957242965698","0.22831906378269196","0.13078522682189941","1.250166029725941E-11","-99999.0","-99999.0","-99999.0","0.0"
"295.0","0.0","0.0","0.0","0.0","0.6000000238418579","0.009037032723426819","0.6156730055809021","0.3752899765968323","2.4665410339186344E-11","-99999.0","-99999.0","-99999.0","0.0"
"296.0","0.0","0.0","0.0","0.0","0.6000000238418579","0.03958719223737717","0.7089525461196899","0.2514602541923523","3.5517239208016343E-15","0.14411301910877228","0.26614269614219666","0.20512786507606506","0.0"
"297.0","0.0","0.0","0.0","0.0","0.8999999761581421","0.7850250601768494","0.19901305437088013","0.01596187986433506","2.8664373097342377E-9","0.19286110997200012","0.25945210456848145","0.22615660727024078","0.0"
"298.0","0.0","0.0","0.0","0.0","0.8999999761581421","0.6892141103744507","0.3067501187324524","0.0040357643738389015","2.1883887930951307E-12","0.2437659204006195","0.3769505023956299","0.3103582262992859","1.0"
"299.0","0.0","0.0","0.0","0.0","0.6000000238418579","0.09104076772928238","0.9089176058769226","4.162554978393018E-5","2.744249827379974E-10","0.34068191051483154","0.30385923385620117","0.32227057218551636","0.0"
"300.0","0.0","0.0","0.0","0.0","0.6000000238418579","0.27161574363708496","0.728384256362915","1.3526069153613207E-9","1.324913068145861E-9","0.43590137362480164","0.43771329522132874","0.4368073344230652","0.0"
"301.0","0.0","0.0","0.0","0.0","0.8999999761581421","0.5302051901817322","0.4697948098182678","2.5851887297534404E-9","4.0399183998118815E-11","0.43870219588279724","0.3858497440814972","0.4122759699821472","0.0"
"302.0","0.0","0.0","0.0","0.0","0.8999999761581421","0.8859211206436157","0.11386262625455856","2.1623997599817812E-4","1.7726077767080128E-12","0.39876362681388855","0.41190245747566223","0.4053330421447754","0.0"
"303.0","0.0","0.0","0.0","0.0","0.8999999761581421","0.7803382277488708","0.2185668647289276","0.0010948844719678164","6.414430690604271E-16","0.34335803985595703","0.3075365126132965","0.3254472613334656","1.0"
"304.0","0.0","0.0","0.0","0.0","0.30000001192092896","0.04561702162027359","0.08951367437839508","0.8648692965507507","3.32552864267682E-16","-99999.0","-99999.0","-99999.0","0.0"
"305.0","0.0","0.0","0.0","0.0","0.6000000238418579","0.08250045776367188","0.48481738567352295","0.4326821565628052","7.063448113567503E-17","0.1704539954662323","0.15528692305088043","0.16287046670913696","0.0"
"306.0","0.0","0.0","0.0","0.0","0.6000000238418579","0.1696508824825287","0.830293595790863","5.553192022489384E-5","1.1923256826307238E-9","0.48886287212371826","0.3789198398590088","0.4338913559913635","0.0"
"307.0","0.0","0.0","0.0","0.0","0.6000000238418579","0.08584218472242355","0.914129912853241","2.791763108689338E-5","5.04266539635978E-9","0.4880414605140686","0.22544832527637482","0.3567448854446411","0.0"
"308.0","0.0","0.0","0.0","0.0","0.6000000238418579","0.2968536615371704","0.6928935647010803","0.010252801701426506","2.5470284959101547E-15","0.33639857172966003","0.346018522977829","0.3412085473537445","1.0"
"309.0","0.0","0.0","0.0","0.0","0.6000000238418579","0.09255072474479675","0.9073529243469238","9.634023444959894E-5","7.127185126798441E-13","0.6794050335884094","0.501503586769104","0.5904543399810791","1.0"
"310.0","0.0","0.0","0.0","0.0","0.8999999761581421","0.8452132940292358","0.15284644067287445","1.9305362430194206E-12","0.0019402791513130069","0.5252336263656616","0.5868847966194153","0.5560592412948608","1.0"
"311.0","0.0","0.0","0.0","0.0","0.6000000238418579","0.478815495967865","0.5209845304489136","1.999898668145761E-4","9.478170201818181E-13","0.3485136032104492","0.18003004789352417","0.2642718255519867","0.0"
"312.0","0.0","0.0","0.0","0.0","0.6000000238418579","0.3903384804725647","0.6096614003181458","9.317542293274528E-8","5.236751570575349E-12","0.3962823748588562","0.21193364262580872","0.30410802364349365","0.0"
"313.0","0.0","0.0","0.0","0.0","0.6000000238418579","0.05541802942752838","0.944564163684845","1.7785319869290106E-5","7.039675786746358E-11","0.6016829609870911","0.5115737318992615","0.5566283464431763","1.0"
"338.0","0.0","0.0","0.0","0.0","0.6000000238418579","0.05854417756199837","0.9182871580123901","0.02316865511238575","6.502324623611568E-19","0.33754783868789673","0.23750296235084534","0.2875254154205322","0.0"
"339.0","0.0","0.0","0.0","0.0","0.6000000238418579","0.256425678730011","0.5630900263786316","0.1804843246936798","1.7392210885778294E-16","0.2632283568382263","0.3000274896621704","0.28162792325019836","1.0"
"340.0","0.0","0.0","0.0","0.0","0.6000000238418579","0.38248082995414734","0.616182267665863","0.0013369176303967834","3.107532474074838E-14","0.35169053077697754","0.22319279611110687","0.2874416708946228","0.0"
"341.0","0.0","0.0","0.0","0.0","0.6000000238418579","0.40704870223999023","0.5923908948898315","5.604186444543302E-4","1.151750084193992E-10","0.32969847321510315","0.27523133158683777","0.30246490240097046","0.0"
"342.0","0.0","0.0","0.0","0.0","0.6000000238418579","0.3438570499420166","0.656130313873291","1.1912603440578096E-5","7.093290150805842E-7","0.297942578792572","0.2183779627084732","0.258160263299942","0.0"
"343.0","0.0","0.0","0.0","0.0","0.8999999761581421","0.821212887763977","0.1787870079278946","1.1576397440649089E-7","8.518532407242319E-11","0.31726112961769104","0.2690489888191223","0.29315507411956787","0.0"
"344.0","0.0","0.0","0.0","0.0","0.6000000238418579","0.38646385073661804","0.6115745902061462","0.001961578382179141","1.8323882721490298E-13","0.29468220472335815","0.22870944440364838","0.26169583201408386","0.0"
"345.0","0.0","0.0","0.0","0.0","0.8999999761581421","0.9983038902282715","0.001475864788517356","2.2026454098522663E-4","2.5211049914375394E-10","0.2687406539916992","0.30229321122169495","0.2855169177055359","0.0"
"346.0","0.0","0.0","0.0","0.0","0.8999999761581421","0.82937091588974","0.17062903940677643","3.65447974104427E-8","2.231760783122372E-12","0.2886212468147278","0.19281280040740967","0.24071702361106873","0.0"
"347.0","0.0","0.0","0.0","0.0","0.8999999761581421","0.6492874622344971","0.3507046103477478","7.931332220323384E-6","2.2530795285025107E-10","0.37384167313575745","0.2525460720062256","0.3131938576698303","0.0"
"348.0","0.0","0.0","0.0","0.0","0.8999999761581421","0.7657002210617065","0.23381111025810242","4.886770620942116E-4","1.6627059451490567E-10","0.36919352412223816","0.4154946804046631","0.3923441171646118","0.0"
"349.0","0.0","0.0","0.0","0.0","0.8999999761581421","0.9999575018882751","4.2515399400144815E-5","1.7150123274178104E-25","4.977528611505022E-9","0.171192467212677","0.16217675805091858","0.1666846126317978","0.0"
"350.0","0.0","0.0","0.0","0.0","0.6000000238418579","0.2250988930463791","0.500892162322998","0.27400895953178406","9.607190737392912E-11","0.2143671214580536","0.3299016058444977","0.27213436365127563","1.0"
"351.0","0.0","0.0","0.0","0.0","0.8999999761581421","0.589985728263855","0.3973458409309387","0.012668445706367493","1.5956136412142996E-9","0.2383977472782135","0.22206616401672363","0.23023195564746857","0.0"
"352.0","0.0","0.0","0.0","0.0","0.8999999761581421","0.9999233484268188","7.525065302615985E-5","3.288011502035008E-18","1.4104634828981943E-6","0.30078279972076416","0.320123553276062","0.3104531764984131","0.0"
"353.0","0.0","0.0","0.0","0.0","0.8999999761581421","0.9484266638755798","0.05157294496893883","1.065363690599952E-7","2.5453786633988784E-7","0.1731247901916504","0.20060066878795624","0.1868627369403839","0.0"
"354.0","0.0","0.0","0.0","0.0","0.8999999761581421","0.9553216695785522","0.04460269585251808","2.5277749955421314E-5","5.037446317146532E-5","0.21855966746807098","0.26903629302978516","0.24379798769950867","0.0"
"355.0","0.0","0.0","0.0","0.0","0.8999999761581421","0.7580509781837463","0.2376691699028015","0.004279879853129387","5.03263264395315E-10","0.31446176767349243","0.3544865846633911","0.3344741761684418","1.0"
"356.0","0.0","0.0","0.0","0.0","0.8999999761581421","0.5405805110931396","0.4522668719291687","0.007152582984417677","3.2139617189841374E-8","0.35953041911125183","0.4113813042640686","0.385455846786499","1.0"
"357.0","0.0","0.0","0.0","0.0","0.8999999761581421","0.6743916869163513","0.3206275403499603","0.004980756901204586","4.6835424427627E-10","0.2905009686946869","0.3203190863132477","0.3054100275039673","1.0"
"358.0","0.0","0.0","0.0","0.0","0.8999999761581421","0.7996541261672974","0.19688072800636292","0.0034635206684470177","1.6133061535583693E-6","0.27943915128707886","0.3772624731063843","0.32835081219673157","1.0"
"359.0","0.0","0.0","0.0","0.0","0.6000000238418579","0.09331444650888443","0.9066272377967834","5.701313057215884E-5","1.3220042092143558E-6","0.6647664904594421","0.5868111252784729","0.6257888078689575","1.0"
"360.0","0.0","0.0","0.0","0.0","0.8999999761581421","0.8649088740348816","0.1269257813692093","0.008165322244167328","5.786511714234166E-9","0.43689125776290894","0.1607835590839386","0.29883742332458496","0.0"
"361.0","0.0","0.0","0.0","0.0","0.8999999761581421","0.6027581095695496","0.397194504737854","4.6009226934984326E-5","1.3736104165218421E-6","0.4843011498451233","0.22474485635757446","0.3545230031013489","0.0"
"362.0","0.0","0.0","0.0","0.0","0.6000000238418579","0.2744169235229492","0.7124403715133667","0.013142723590135574","4.960753585692146E-9","0.5186593532562256","0.3975257873535156","0.4580925703048706","1.0"
"363.0","0.0","0.0","0.0","0.0","0.8999999761581421","0.8414871096611023","0.15696920454502106","0.0015436963876709342","1.0887582502228099E-10","0.21897202730178833","0.26724690198898315","0.24310946464538574","0.0"
"364.0","0.0","0.0","0.0","0.0","0.8999999761581421","0.9983888268470764","0.0016110959695652127","6.603016089457014E-8","6.394146878641038E-10","0.1836310476064682","0.15818138420581818","0.1709062159061432","0.0"
"365.0","0.0","0.0","0.0","0.0","0.6000000238418579","0.23507818579673767","0.7648988962173462","2.249145836685784E-5","4.5298875761545787E-7","0.19942794740200043","0.12089188396930695","0.1601599156856537","0.0"
"366.0","0.0","0.0","0.0","0.0","0.8999999761581421","0.506506085395813","0.4934929609298706","9.228679687112162E-7","2.4048216751282325E-9","0.2921255826950073","0.2504132091999054","0.27126938104629517","0.0"
"367.0","0.0","0.0","0.0","0.0","0.8999999761581421","0.9131237864494324","0.08687621355056763","2.2386066333979215E-9","1.1022746604361089E-10","0.17004738748073578","0.1351369470357895","0.15259216725826263","0.0"
"368.0","0.0","0.0","0.0","0.0","0.8999999761581421","0.9570320844650269","0.03644045442342758","0.00652747368440032","4.196179403948008E-9","0.21863485872745514","0.10461021959781647","0.1616225391626358","0.0"
"369.0","0.0","0.0","0.0","0.0","0.8999999761581421","0.5011613965034485","0.48864448070526123","0.010194123722612858","6.00585359222805E-9","0.3573353886604309","0.3981205224990845","0.3777279555797577","1.0"
"370.0","0.0","0.0","0.0","0.0","0.8999999761581421","0.5042306780815125","0.49574029445648193","2.9061107852612622E-5","7.404341029193517E-11","0.4621807634830475","0.43368926644325256","0.44793501496315","0.0"
"371.0","0.0","0.0","0.0","0.0","0.8999999761581421","0.7500413060188293","0.24995847046375275","2.015483318018596E-7","7.840600169117806E-9","0.3705267310142517","0.26852598786354065","0.3195263743400574","0.0"
"372.0","0.0","0.0","0.0","0.0","0.6000000238418579","0.11616607755422592","0.8787378668785095","0.005096045788377523","3.9137738189198856E-11","0.43722105026245117","0.3336131274700165","0.385417103767395","1.0"
"373.0","0.0","0.0","0.0","0.0","0.8999999761581421","0.7918457984924316","0.13318954408168793","0.07496467232704163","2.476196470091452E-10","0.39364540576934814","0.29518604278564453","0.34441572427749634","1.0"
"374.0","0.0","0.0","0.0","0.0","0.6000000238418579","0.005136953666806221","0.5395684242248535","0.4552946388721466","1.88060034211901E-9","0.43105944991111755","0.5228280425071716","0.4769437313079834","1.0"
"375.0","0.0","0.0","0.0","0.0","0.6000000238418579","0.016251977533102036","0.9774388670921326","0.006309169344604015","2.125901676919284E-10","0.5904232859611511","0.5054112076759338","0.5479172468185425","1.0"
"376.0","0.0","0.0","0.0","0.0","0.8999999761581421","0.999994158744812","5.832644546899246E-6","1.2042891932476865E-17","1.0803397022460248E-12","0.1799682378768921","0.11306785047054291","0.1465180516242981","0.0"
"377.0","0.0","0.0","0.0","0.0","0.8999999761581421","0.990276038646698","0.009723966009914875","7.808612087554893E-15","2.4572425257746167E-12","0.1965024769306183","0.10676968097686768","0.15163607895374298","0.0"
"378.0","0.0","0.0","0.0","0.0","0.6000000238418579","0.42687559127807617","0.5400642156600952","0.033060211688280106","5.830808613715988E-10","0.24311555922031403","0.14733532071113586","0.19522544741630554","0.0"
"379.0","0.0","0.0","0.0","0.0","0.6000000238418579","0.28756725788116455","0.7029157876968384","0.009516785852611065","1.8680813695937104E-7","0.3344722092151642","0.19003194570541382","0.2622520923614502","0.0"
"380.0","0.0","0.0","0.0","0.0","0.8999999761581421","0.634067952632904","0.3138549327850342","0.052077095955610275","2.3704489759968084E-11","0.5533971786499023","0.4778699576854706","0.5156335830688477","1.0"
"381.0","0.0","0.0","0.0","0.0","0.6000000238418579","0.24448363482952118","0.7516092658042908","0.0039070830680429935","7.27670756983656E-10","0.3284597396850586","0.32599741220474243","0.3272285759449005","1.0"
"382.0","0.0","0.0","0.0","0.0","0.8999999761581421","0.6435126066207886","0.35647207498550415","1.5312316463678144E-5","4.1461378774698687E-10","0.2197035551071167","0.16362173855304718","0.19166263937950134","0.0"
"383.0","0.0","0.0","0.0","0.0","0.8999999761581421","0.9914790391921997","0.005663771647959948","0.002857163781300187","9.397172574593035E-14","0.32665008306503296","0.2403559386730194","0.283502995967865","0.0"
"384.0","0.0","0.0","0.0","0.0","0.8999999761581421","0.7581786513328552","0.24179181456565857","2.9560973416664638E-5","4.796859437439238E-11","0.18937847018241882","0.18682651221752167","0.18810248374938965","0.0"
"385.0","0.0","0.0","0.0","0.0","0.8999999761581421","0.4277147054672241","0.3742196261882782","0.19806566834449768","1.9187620242666625E-12","0.3702872693538666","0.34215521812438965","0.3562212586402893","1.0"
"386.0","0.0","0.0","0.0","0.0","0.6000000238418579","0.09342723339796066","0.8130171298980713","0.09355565160512924","5.744530014433619E-14","0.5199891328811646","0.6541158556938171","0.5870524644851685","1.0"
"387.0","0.0","0.0","0.0","0.0","0.8999999761581421","0.8749076128005981","0.1240452378988266","0.0010471348650753498","1.9902722525610983E-10","0.37264686822891235","0.28535401821136475","0.32900044322013855","1.0"
"388.0","0.0","0.0","0.0","0.0","0.8999999761581421","0.5496872663497925","0.40300482511520386","0.04730788990855217","7.571226631752914E-13","0.22870394587516785","0.2237655222415924","0.22623473405838013","0.0"
"389.0","0.0","0.0","0.0","0.0","0.6000000238418579","0.0033013320062309504","0.6365571618080139","0.3601415157318115","1.2401289102071701E-14","0.4094909727573395","0.3200588524341583","0.3647749125957489","1.0"
"390.0","0.0","0.0","0.0","0.0","0.6000000238418579","0.3252505660057068","0.40285059809684753","0.27189862728118896","2.0383106402732665E-7","0.30296948552131653","0.21061648428440094","0.25679299235343933","0.0"
"391.0","0.0","0.0","0.0","0.0","0.6000000238418579","0.06609266251325607","0.9267200231552124","0.007187123876065016","1.762222296974869E-7","0.6244443655014038","0.5902239084243774","0.6073341369628906","1.0"
"392.0","0.0","0.0","0.0","0.0","0.6000000238418579","0.002320977160707116","0.9973868131637573","2.921941049862653E-4","3.7675245145862846E-9","-99999.0","-99999.0","-99999.0","0.0"
"393.0","0.0","0.0","0.0","0.0","0.6000000238418579","0.15934956073760986","0.8305789232254028","0.01007153745740652","2.7768840829209274E-13","-99999.0","-99999.0","-99999.0","0.0"
"394.0","0.0","0.0","0.0","0.0","0.6000000238418579","0.1984986811876297","0.7651413679122925","0.036359939724206924","1.283078865377263E-9","-99999.0","-99999.0","-99999.0","0.0"
"395.0","0.0","0.0","0.0","0.0","0.8999999761581421","0.8615358471870422","0.13843649625778198","2.7522717573447153E-5","1.0838302699767155E-7","-99999.0","-99999.0","-99999.0","0.0"
"396.0","0.0","0.0","0.0","0.0","0.6000000238418579","0.10634743422269821","0.8936513662338257","1.1818160601251293E-6","2.0747517744633404E-13","-99999.0","-99999.0","-99999.0","0.0"
"397.0","0.0","0.0","0.0","0.0","0.6000000238418579","0.005979131907224655","0.9931182861328125","9.025671170093119E-4","2.1758496968147384E-13","-99999.0","-99999.0","-99999.0","0.0"
"398.0","0.0","0.0","0.0","0.0","0.8999999761581421","0.5605483055114746","0.4358518421649933","0.0035998569801449776","1.1407229327797808E-12","0.5654563307762146","0.3931254744529724","0.4792909026145935","1.0"
"399.0","0.0","0.0","0.0","0.0","0.6000000238418579","0.4183105230331421","0.5816893577575684","1.3382422991981002E-7","9.072877865667905E-11","0.5330696105957031","0.3728486895561218","0.4529591500759125","0.0"
"400.0","0.0","0.0","0.0","0.0","0.8999999761581421","0.991316020488739","0.00867594126611948","8.625277381213436E-9","8.030719982343726E-6","-99999.0","-99999.0","-99999.0","0.0"
"401.0","0.0","0.0","0.0","0.0","0.6000000238418579","0.30376118421554565","0.6962280869483948","1.0648361239873338E-5","7.62159899636572E-8","-99999.0","-99999.0","-99999.0","0.0"
"402.0","0.0","0.0","0.0","0.0","0.8999999761581421","0.5253560543060303","0.4661809802055359","0.008462938480079174","1.2741506461022567E-10","-99999.0","-99999.0","-99999.0","0.0"
"403.0","0.0","0.0","0.0","0.0","0.6000000238418579","0.23985448479652405","0.760145366191864","1.6344640130228072E-7","3.5801673718737284E-14","-99999.0","-99999.0","-99999.0","0.0"
"404.0","0.0","0.0","0.0","0.0","0.6000000238418579","0.020389951765537262","0.9670579433441162","0.012552082538604736","1.8552606562138863E-8","-99999.0","-99999.0","-99999.0","0.0"
"405.0","0.0","0.0","0.0","0.0","0.6000000238418579","0.05059414729475975","0.9338473081588745","0.015558543615043163","1.777554547999216E-9","0.6315208077430725","0.7228626608848572","0.6771917343139648","1.0"
"406.0","0.0","0.0","0.0","0.0","0.8999999761581421","0.5050668716430664","0.4948367774486542","9.636801405576989E-5","7.038707117157372E-11","-99999.0","-99999.0","-99999.0","0.0"
"407.0","0.0","0.0","0.0","0.0","0.6000000238418579","0.03759275749325752","0.9545817375183105","0.007825510576367378","3.0291488761768903E-10","-99999.0","-99999.0","-99999.0","0.0"
"408.0","0.0","0.0","0.0","0.0","0.30000001192092896","0.0035418053157627583","0.04816052317619324","0.9482976794242859","1.7550886891276422E-15","0.19103240966796875","0.3455103039741516","0.2682713568210602","1.0"
"409.0","0.0","0.0","0.0","0.0","0.6000000238418579","0.22279341518878937","0.763069748878479","0.014136833138763905","3.141103696591152E-11","-99999.0","-99999.0","-99999.0","0.0"
"410.0","0.0","0.0","0.0","0.0","0.6000000238418579","0.4882783889770508","0.511716365814209","5.1990054998896085E-6","4.015209853491797E-8","0.42767345905303955","0.5138301253318787","0.4707517921924591","1.0"
"411.0","0.0","0.0","0.0","0.0","0.8999999761581421","0.5628747344017029","0.43573856353759766","0.00138668913859874","3.367095768869177E-10","0.3173094689846039","0.3724144697189331","0.3448619842529297","1.0"
"412.0","0.0","0.0","0.0","0.0","0.8999999761581421","0.6508646607398987","0.3481631577014923","9.721546666696668E-4","2.4159360623166037E-10","0.398808091878891","0.3617505133152008","0.3802793025970459","1.0"
"413.0","0.0","0.0","0.0","0.0","0.8999999761581421","0.9926970601081848","0.007302924524992704","1.5226115182044586E-14","2.050136969911076E-12","0.15541692078113556","0.2133573442697525","0.18438713252544403","0.0"
"414.0","0.0","0.0","0.0","0.0","0.8999999761581421","0.999971866607666","2.816128653648775E-5","6.092238151012252E-17","6.154520218926065E-16","0.14361633360385895","0.2060747742652893","0.17484554648399353","0.0"
"415.0","0.0","0.0","0.0","0.0","0.8999999761581421","0.9467415809631348","0.053255561739206314","2.8310712423262885E-6","1.1578196058763886E-15","0.31075918674468994","0.4491993486881256","0.3799792528152466","0.0"
"416.0","0.0","0.0","0.0","0.0","0.6000000238418579","0.23491333425045013","0.762852668762207","0.0022340037394315004","2.4315853150436162E-11","0.4547359049320221","0.5157949924468994","0.48526543378829956","1.0"
"417.0","0.0","0.0","0.0","0.0","0.8999999761581421","0.6998947262763977","0.29880642890930176","0.0012988199014216661","3.945112236891646E-9","0.34122875332832336","0.4671652913093567","0.4041970372200012","1.0"
"418.0","0.0","0.0","0.0","0.0","0.6000000238418579","0.2895719110965729","0.7104262113571167","4.329501340771813E-11","1.8967889445775654E-6","0.3015449345111847","0.33659160137176514","0.3190682530403137","0.0"
"419.0","0.0","0.0","0.0","0.0","0.8999999761581421","0.9857831001281738","0.014216708950698376","8.415622257222644E-13","1.919402592420738E-7","0.5577816367149353","0.5534939169883728","0.555637776851654","1.0"
"420.0","0.0","0.0","0.0","0.0","0.8999999761581421","0.9538645148277283","0.0416240319609642","0.004511448089033365","4.308768009053665E-9","0.5181248188018799","0.6653228402137756","0.5917237997055054","1.0"
"421.0","0.0","0.0","0.0","0.0","0.6000000238418579","0.4313433766365051","0.5215467810630798","0.047109849750995636","1.4810229431727606E-11","0.35312873125076294","0.4424677789211273","0.39779824018478394","1.0"
"422.0","0.0","0.0","0.0","0.0","0.6000000238418579","0.3524447977542877","0.572365939617157","0.07518929243087769","3.6490466681290967E-13","0.36875537037849426","0.45287755131721497","0.4108164608478546","1.0"
"423.0","0.0","0.0","0.0","0.0","0.8999999761581421","0.4914786219596863","0.19221773743629456","0.31630364060401917","5.419069637468965E-10","0.31202149391174316","0.6018787622451782","0.4569501280784607","1.0"
"424.0","0.0","0.0","0.0","0.0","0.8999999761581421","0.9279586672782898","0.06964097172021866","0.0023815466556698084","1.8811770132742822E-5","0.44322386384010315","0.6454456448554993","0.5443347692489624","1.0"
"425.0","0.0","0.0","0.0","0.0","0.8999999761581421","0.7384518980979919","0.2520514726638794","0.009496617130935192","7.634871068695759E-10","0.4523294270038605","0.47035321593284607","0.46134132146835327","1.0"
"426.0","0.0","0.0","0.0","0.0","0.8999999761581421","0.54755699634552","0.452236533164978","2.064697036985308E-4","3.975260604634906E-13","0.39281564950942993","0.3167339265346527","0.3547747731208801","0.0"
"427.0","0.0","0.0","0.0","0.0","0.8999999761581421","0.8744674921035767","0.11614038795232773","0.00939213763922453","1.502291693822322E-11","0.3296477496623993","0.40672382712364197","0.36818578839302063","1.0"
"428.0","0.0","0.0","0.0","0.0","0.6000000238418579","0.2693808376789093","0.7246983647346497","0.005920785944908857","1.1816617833965842E-13","0.667134702205658","0.6138114333152771","0.6404730677604675","1.0"
"429.0","0.0","0.0","0.0","0.0","0.8999999761581421","0.47240978479385376","0.45637255907058716","0.07121766358613968","7.62164636958218E-12","0.34138888120651245","0.38845962285995483","0.36492425203323364","1.0"
"430.0","0.0","0.0","0.0","0.0","0.30000001192092896","0.3072313666343689","0.3253936171531677","0.3673750162124634","2.201292967352053E-12","0.19215995073318481","0.20172001421451569","0.19693997502326965","0.0"
"431.0","0.0","0.0","0.0","0.0","0.8999999761581421","0.46873825788497925","0.17813152074813843","0.3531302213668823","3.657562534092884E-12","0.15275809168815613","0.16601064801216125","0.1593843698501587","0.0"
"432.0","0.0","0.0","0.0","0.0","0.6000000238418579","0.21708251535892487","0.7511354088783264","0.031782083213329315","1.259047900659116E-11","0.1473769247531891","0.19592082500457764","0.17164887487888336","0.0"
"433.0","0.0","0.0","0.0","0.0","0.8999999761581421","0.9748350381851196","0.025164349004626274","5.744365125792683E-7","3.242397283997889E-8","0.18109358847141266","0.2595788836479187","0.22033622860908508","0.0"
"434.0","0.0","0.0","0.0","0.0","0.8999999761581421","0.9565120339393616","0.03885429725050926","0.004633656702935696","3.344030261032138E-11","0.4661400616168976","0.4809940755367279","0.47356706857681274","1.0"
"435.0","0.0","0.0","0.0","0.0","0.8999999761581421","0.7735673785209656","0.1959550976753235","0.030477507039904594","1.874248369351794E-12","0.2607925832271576","0.20721864700317383","0.2340056151151657","0.0"
"436.0","0.0","0.0","0.0","0.0","0.8999999761581421","0.9121721386909485","0.0763605609536171","0.011467276141047478","1.4945360921059248E-11","0.3350811302661896","0.3513340353965759","0.34320759773254395","1.0"
"437.0","0.0","0.0","0.0","0.0","0.8999999761581421","0.6821797490119934","0.31757548451423645","2.4474007659591734E-4","3.162848116744499E-8","0.4197107255458832","0.49375662207603455","0.45673367381095886","1.0"
"438.0","0.0","0.0","0.0","0.0","0.8999999761581421","0.508992612361908","0.48670727014541626","0.004300148691982031","5.717429862883705E-10","0.3924609422683716","0.6463331580162048","0.5193970203399658","1.0"
"439.0","0.0","0.0","0.0","0.0","0.6000000238418579","0.1364799588918686","0.8360692262649536","0.027450837194919586","3.352130517066641E-14","0.38027310371398926","0.649146318435669","0.5147097110748291","1.0"
"440.0","0.0","0.0","0.0","0.0","0.6000000238418579","0.4403447210788727","0.5577695965766907","0.0018791486509144306","6.534192380058812E-6","0.4836195409297943","0.6960683465003967","0.5898439288139343","1.0"
"441.0","0.0","0.0","0.0","0.0","0.6000000238418579","0.37844935059547424","0.5193629264831543","0.10218771547079086","6.438798105801169E-11","0.41376253962516785","0.5818827152252197","0.497822642326355","1.0"
"442.0","0.0","0.0","0.0","0.0","0.30000001192092896","0.0922660231590271","0.3863580822944641","0.5213758945465088","6.738023767410839E-13","0.2234674096107483","0.2362573742866516","0.22986239194869995","0.0"
"443.0","0.0","0.0","0.0","0.0","0.6000000238418579","0.3276262879371643","0.6221873164176941","0.050186384469270706","4.4456785475155414E-11","0.1646854281425476","0.18449652194976807","0.17459097504615784","0.0"
"444.0","0.0","0.0","0.0","0.0","0.8999999761581421","0.725407600402832","0.269797682762146","0.004794703330844641","9.683060603338234E-11","0.294337660074234","0.41768521070480347","0.35601145029067993","1.0"
"445.0","0.0","0.0","0.0","0.0","0.8999999761581421","0.49635520577430725","0.33859819173812866","0.1650466024875641","2.274882712760551E-11","0.28362834453582764","0.34875476360321045","0.31619155406951904","1.0"
"446.0","0.0","0.0","0.0","0.0","0.6000000238418579","0.09235408902168274","0.5080796480178833","0.3995662331581116","1.3563459383414411E-11","0.1364666223526001","0.2351991832256317","0.1858329027891159","0.0"
"447.0","0.0","0.0","0.0","0.0","0.6000000238418579","0.06192353367805481","0.9244330525398254","0.01364339329302311","4.596616855922063E-17","0.3986662030220032","0.27105849981307983","0.3348623514175415","0.0"
"448.0","0.0","0.0","0.0","0.0","0.6000000238418579","0.4932529032230377","0.5038760900497437","0.0028710290789604187","3.4879448809722272E-15","0.2340947389602661","0.18525736033916473","0.20967605710029602","0.0"
"449.0","0.0","0.0","0.0","0.0","0.8999999761581421","0.5509252548217773","0.053183287382125854","0.3958914577960968","8.044320604468557E-16","0.3314891457557678","0.30703985691070557","0.3192645013332367","1.0"
"450.0","0.0","0.0","0.0","0.0","0.8999999761581421","0.9549999237060547","0.04499868303537369","1.4200492159943678E-6","3.9101333282332007E-10","0.3299895226955414","0.31444230675697327","0.3222159147262573","0.0"
"451.0","0.0","0.0","0.0","0.0","0.8999999761581421","0.8038496375083923","0.1958480179309845","2.6962411357089877E-4","3.268918226240203E-5","0.2178756594657898","0.272775262594223","0.2453254610300064","0.0"
"452.0","0.0","0.0","0.0","0.0","0.8999999761581421","0.5901560187339783","0.4097399115562439","1.0402673797216266E-4","1.8169432181025513E-8","0.3832816183567047","0.31688550114631653","0.3500835597515106","0.0"
"453.0","0.0","0.0","0.0","0.0","0.6000000238418579","0.05174323171377182","0.9477863907814026","4.703323938883841E-4","2.3855784903048516E-8","0.3968792259693146","0.5638140439987183","0.4803466200828552","1.0"
"454.0","0.0","0.0","0.0","0.0","0.6000000238418579","0.14410361647605896","0.5875551700592041","0.26834118366241455","1.878111710595931E-8","0.14786644279956818","0.294920951128006","0.22139370441436768","1.0"
"455.0","0.0","0.0","0.0","0.0","0.6000000238418579","0.13876454532146454","0.47180333733558655","0.3894321024417877","2.351002031941718E-11","0.25290393829345703","0.3363135755062103","0.2946087718009949","1.0"
"456.0","0.0","0.0","0.0","0.0","0.30000001192092896","9.890301589621231E-5","0.022805405780673027","0.9770956635475159","3.090675979033897E-11","0.5271801352500916","0.6464270949363708","0.5868036150932312","1.0"
"457.0","0.0","0.0","0.0","0.0","0.6000000238418579","0.09899824857711792","0.4649471938610077","0.4360545575618744","7.005096155920931E-12","0.471365362405777","0.5942016243934631","0.5327835083007812","1.0"
"458.0","0.0","0.0","0.0","0.0","0.6000000238418579","0.47308167815208435","0.526918351650238","5.0944068408220744E-11","6.116782080844985E-11","0.33744296431541443","0.26990562677383423","0.30367428064346313","0.0"
"459.0","0.0","0.0","0.0","0.0","0.6000000238418579","0.197236567735672","0.802409827709198","3.5361730260774493E-4","3.0285485230763243E-10","0.3172071576118469","0.2139134705066681","0.2655603289604187","0.0"
"460.0","0.0","0.0","0.0","0.0","0.8999999761581421","0.9236026406288147","0.07625309377908707","2.528121323397414E-10","1.4428528083954006E-4","0.41890886425971985","0.3357844054698944","0.37734663486480713","0.0"
"461.0","0.0","0.0","0.0","0.0","0.6000000238418579","0.1990329772233963","0.7958754301071167","1.1599226854741573E-4","0.004975619725883007","0.4487825334072113","0.35128846764564514","0.4000355005264282","0.0"
"462.0","0.0","0.0","0.0","0.0","0.6000000238418579","0.19612327218055725","0.8038331866264343","4.352448377176188E-5","1.6731423357896347E-8","0.3610365092754364","0.3126848340034485","0.33686065673828125","0.0"
"463.0","0.0","0.0","0.0","0.0","0.8999999761581421","0.5754538178443909","0.42326468229293823","0.0012792717898264527","2.2193357835931238E-6","0.4886738657951355","0.3428497016429901","0.4157617688179016","1.0"
"464.0","0.0","0.0","0.0","0.0","0.8999999761581421","0.8321251273155212","0.16119924187660217","0.006671946030110121","3.657105253296322E-6","0.433022141456604","0.36875036358833313","0.4008862376213074","1.0"
"465.0","0.0","0.0","0.0","0.0","0.8999999761581421","0.9551154971122742","0.044884417206048965","8.320702704622818E-8","1.9513808346971473E-9","0.4119955897331238","0.393682062625885","0.4028388261795044","0.0"
"466.0","0.0","0.0","0.0","0.0","0.8999999761581421","0.652135968208313","0.34785765409469604","6.4092846514540724E-6","1.721049865122115E-11","0.3346748650074005","0.3517521619796753","0.3432134985923767","0.0"
"467.0","0.0","0.0","0.0","0.0","0.8999999761581421","0.9090321063995361","0.0909678265452385","2.666595763645141E-11","5.022498328344227E-8","0.4634762704372406","0.5833159685134888","0.5233961343765259","1.0"
"468.0","0.0","0.0","0.0","0.0","0.8999999761581421","0.6810133457183838","0.31888747215270996","9.919484728015959E-5","5.547312387221837E-9","0.4363630712032318","0.6607820391654968","0.5485725402832031","1.0"
"469.0","0.0","0.0","0.0","0.0","0.8999999761581421","0.9297976493835449","0.06980700045824051","3.953308623749763E-4","1.2876747446100012E-9","0.1264440268278122","0.41073232889175415","0.26858818531036377","0.0"
