"20.0","0.0","0.0","0.0","0.0","0.30000001192092896","0.008961662650108337","0.38250333070755005","0.6085349917411804","1.154172046824442E-8","0.35054904222488403","0.3884721100330353","0.36951059103012085","1.0"
"21.0","0.0","0.0","0.0","0.0","0.6000000238418579","0.003607545280829072","0.9233225584030151","0.07306988537311554","5.0869966017330626E-9","0.5911388993263245","0.6163950562477112","0.6037669777870178","1.0"
"22.0","0.0","0.0","0.0","0.0","0.8999999761581421","0.9887280464172363","0.011271032504737377","3.9079480984582915E-8","8.754207101446809E-7","0.33010193705558777","0.36497217416763306","0.3475370407104492","1.0"
"23.0","0.0","0.0","0.0","0.0","0.8999999761581421","0.7965991497039795","0.1975264996290207","0.005874352063983679","3.072033280903763E-15","0.18011529743671417","0.17479649186134338","0.17745590209960938","0.0"
"24.0","0.0","0.0","0.0","0.0","0.6000000238418579","0.11555427312850952","0.8576583862304688","0.026787348091602325","4.572591472129517E-10","0.3819221556186676","0.27975478768348694","0.33083847165107727","1.0"
"25.0","0.0","0.0","0.0","0.0","0.6000000238418579","0.10667923837900162","0.6291245818138123","0.26419615745544434","1.8255552625134897E-10","0.49866464734077454","0.2970258295536041","0.39784523844718933","1.0"
"26.0","0.0","0.0","0.0","0.0","0.6000000238418579","0.4182930886745453","0.5683525800704956","0.013354327529668808","3.028929646160805E-13","0.5215630531311035","0.4275763928890228","0.47456973791122437","1.0"
"27.0","0.0","0.0","0.0","0.0","0.8999999761581421","0.4926694333553314","0.3147635757923126","0.19256700575351715","2.763134165917336E-9","0.3549867272377014","0.3567560017108917","0.35587137937545776","1.0"
"28.0","0.0","0.0","0.0","0.0","0.8999999761581421","0.9589843153953552","0.034637488424777985","0.006378210615366697","2.461852388613295E-10","0.2878282368183136","0.3217308819293976","0.3047795593738556","1.0"
"29.0","0.0","0.0","0.0","0.0","0.8999999761581421","0.9997553825378418","2.4453899823129177E-4","7.953166658580813E-8","1.1907314056199686E-13","0.2090277522802353","0.20879030227661133","0.2089090347290039","0.0"
"30.0","0.0","0.0","0.0","0.0","0.8999999761581421","0.8861452341079712","0.1093192994594574","0.004535474814474583","3.6033029858495436E-12","0.45806607604026794","0.43994706869125366","0.4490065574645996","1.0"
"31.0","0.0","0.0","0.0","0.0","0.8999999761581421","0.7745283246040344","0.1840900480747223","0.041381627321243286","2.698225825170826E-14","0.5436501502990723","0.5982154011726379","0.5709327459335327","1.0"
"32.0","0.0","0.0","0.0","0.0","0.8999999761581421","0.5456041097640991","0.30196601152420044","0.15242987871170044","3.8921676992487164E-10","0.41706547141075134","0.5117637515068054","0.4644145965576172","1.0"
"33.0","0.0","0.0","0.0","0.0","0.8999999761581421","0.8894585967063904","0.10971598327159882","8.254129788838327E-4","9.954971069703333E-9","0.354586124420166","0.41479167342185974","0.3846889138221741","1.0"
"34.0","0.0","0.0","0.0","0.0","0.6000000238418579","0.373148113489151","0.623228907585144","0.003622992429882288","7.967549953136199E-10","0.47304558753967285","0.4199061691761017","0.4464758634567261","1.0"
"35.0","0.0","0.0","0.0","0.0","0.8999999761581421","0.943864107131958","0.05607227981090546","6.345956353470683E-5","1.424096041091616E-7","0.443828284740448","0.3285374641418457","0.38618287444114685","1.0"
"36.0","0.0","0.0","0.0","0.0","0.6000000238418579","0.2937079668045044","0.5920129418373108","0.11427907645702362","4.869839198562431E-9","0.3723723292350769","0.33065980672836304","0.35151606798171997","1.0"
"37.0","0.0","0.0","0.0","0.0","0.8999999761581421","0.7863632440567017","0.2133878469467163","2.488965692464262E-4","3.1428623592510974E-10","0.3410283625125885","0.4139213562011719","0.377474844455719","1.0"
"38.0","0.0","0.0","0.0","0.0","0.8999999761581421","0.7552585005760193","0.18821385502815247","0.05652766302227974","4.8925068857341714E-11","0.32153579592704773","0.39870238304138184","0.360119104385376","1.0"
"39.0","0.0","0.0","0.0","0.0","0.6000000238418579","0.21842354536056519","0.7738353610038757","8.625181508250535E-4","0.006878586020320654","0.5489723086357117","0.5282403826713562","0.5386063456535339","1.0"
"40.0","0.0","0.0","0.0","0.0","0.8999999761581421","0.9985855221748352","0.0014091059565544128","5.359709575714078E-6","4.612214473190268E-13","0.4059220552444458","0.2820713222026825","0.34399670362472534","1.0"
"41.0","0.0","0.0","0.0","0.0","0.6000000238418579","0.03706302493810654","0.9629023671150208","3.459062645561062E-5","1.4200469310410168E-17","0.40495064854621887","0.3706375062465668","0.3877940773963928","1.0"
"42.0","0.0","0.0","0.0","0.0","0.8999999761581421","0.92533278465271","0.07435272634029388","3.1354528618976474E-4","9.283887152378156E-7","0.25806373357772827","0.39171871542930603","0.32489120960235596","1.0"
"43.0","0.0","0.0","0.0","0.0","0.8999999761581421","0.9992395639419556","7.522241212427616E-4","9.24888933513245E-16","8.22820311441319E-6","0.39749065041542053","0.3895954489707947","0.3935430645942688","1.0"
"44.0","0.0","0.0","0.0","0.0","0.6000000238418579","0.4110223650932312","0.588977575302124","8.042925259132971E-8","7.548748952312945E-12","0.4000070095062256","0.35160383582115173","0.37580543756484985","1.0"
"45.0","0.0","0.0","0.0","0.0","0.8999999761581421","0.8812487125396729","0.11875129491090775","1.159026433855681E-12","1.1709603953136138E-8","0.6035836935043335","0.4454248249530792","0.5245042443275452","1.0"
"46.0","0.0","0.0","0.0","0.0","0.8999999761581421","0.7540140748023987","0.23939643800258636","0.006589516066014767","8.521053654342303E-12","0.42411038279533386","0.3603685796260834","0.3922394812107086","1.0"
"47.0","0.0","0.0","0.0","0.0","0.8999999761581421","0.8922244310379028","0.10759878158569336","1.7677720461506397E-4","4.667654283918576E-12","0.46096271276474","0.34491339325904846","0.4029380679130554","1.0"
"48.0","0.0","0.0","0.0","0.0","0.6000000238418579","0.4380419850349426","0.5619550943374634","2.9042050755379023E-6","5.720551810028951E-10","0.34898096323013306","0.34536463022232056","0.3471727967262268","1.0"
"49.0","0.0","0.0","0.0","0.0","0.8999999761581421","0.7467213869094849","0.2504694163799286","0.002809148747473955","6.737983682114645E-8","0.2155298888683319","0.21406769752502441","0.21479879319667816","0.0"
"50.0","0.0","0.0","0.0","0.0","0.6000000238418579","0.4368080794811249","0.5611432194709778","0.0020486931316554546","1.9026205611005764E-10","0.29323044419288635","0.31648531556129456","0.30485787987709045","1.0"
"51.0","0.0","0.0","0.0","0.0","0.6000000238418579","0.17252832651138306","0.8274716138839722","6.798984486522386E-8","5.0366578963068065E-11","0.5515666007995605","0.4372084140777588","0.49438750743865967","1.0"
"52.0","0.0","0.0","0.0","0.0","0.8999999761581421","0.9985035061836243","0.0014964804286137223","2.1468608560509838E-16","1.141204210124147E-12","0.16327659785747528","0.3395128548145294","0.25139471888542175","1.0"
"53.0","0.0","0.0","0.0","0.0","0.8999999761581421","0.9973381757736206","0.002661815145984292","1.8171099661849072E-14","1.0905297796520372E-13","0.15089043974876404","0.22736859321594238","0.1891295164823532","0.0"
"54.0","0.0","0.0","0.0","0.0","0.8999999761581421","0.9894581437110901","0.010541846044361591","1.6964175431406948E-19","9.005549669698076E-13","0.2589333653450012","0.1798427402973175","0.21938805282115936","0.0"
"55.0","0.0","0.0","0.0","0.0","0.6000000238418579","0.47216907143592834","0.5277826189994812","4.752147287945263E-5","7.999404374459118E-7","0.38855424523353577","0.26546502113342285","0.3270096182823181","0.0"
"56.0","0.0","0.0","0.0","0.0","0.6000000238418579","0.15519732236862183","0.8447687029838562","3.3950494980672374E-5","1.445512953779371E-8","0.5051128268241882","0.6240993142127991","0.5646060705184937","1.0"
"57.0","0.0","0.0","0.0","0.0","0.8999999761581421","0.8035893440246582","0.1963937133550644","1.6929656339925714E-5","1.1252310888609784E-10","0.36598512530326843","0.3394923806190491","0.35273873805999756","1.0"
"58.0","0.0","0.0","0.0","0.0","0.8999999761581421","0.913194477558136","0.08680551499128342","4.6331727517057164E-12","4.2573223592301535E-12","0.3986828923225403","0.26955464482307434","0.3341187834739685","0.0"
"59.0","0.0","0.0","0.0","0.0","0.8999999761581421","0.5610888004302979","0.43890488147735596","6.345853307720972E-6","3.4452421384528753E-13","0.1912354677915573","0.1822374314069748","0.18673644959926605","0.0"
"60.0","0.0","0.0","0.0","0.0","0.8999999761581421","0.5289118885993958","0.47060102224349976","4.8710231203585863E-4","5.928352947437432E-11","0.29254600405693054","0.26524773240089417","0.27889686822891235","0.0"
"61.0","0.0","0.0","0.0","0.0","0.8999999761581421","0.8573966026306152","0.142195463180542","2.163374546171326E-8","4.078912315890193E-4","0.3714805543422699","0.24278299510478973","0.3071317672729492","0.0"
"62.0","0.0","0.0","0.0","0.0","0.8999999761581421","0.9430941343307495","0.05690379813313484","2.0487896108534187E-6","5.287168272638532E-12","0.17712020874023438","0.10386984050273895","0.14049503207206726","0.0"
"63.0","0.0","0.0","0.0","0.0","0.8999999761581421","0.9908177256584167","0.009182283654808998","7.109220981002529E-13","1.9769756942622507E-9","0.23290345072746277","0.14354637265205383","0.1882249116897583","0.0"
"64.0","0.0","0.0","0.0","0.0","0.8999999761581421","0.9365267753601074","0.06347299367189407","2.0422992008661822E-7","1.0183371479399739E-8","0.1749476194381714","0.17208132147789001","0.1735144704580307","0.0"
"65.0","0.0","0.0","0.0","0.0","0.6000000238418579","0.10090126097202301","0.8917428851127625","0.007355854380875826","1.054675097256208E-10","0.5420106053352356","0.5103706121444702","0.5261906385421753","1.0"
"66.0","0.0","0.0","0.0","0.0","0.6000000238418579","0.32864242792129517","0.6710476279258728","3.093423438258469E-4","5.956105155746627E-7","0.6329997777938843","0.4880547523498535","0.5605272650718689","1.0"
"67.0","0.0","0.0","0.0","0.0","0.8999999761581421","0.7031705975532532","0.2965715825557709","6.935535930097103E-5","1.8848091713152826E-4","0.29820284247398376","0.3781023919582367","0.33815261721611023","1.0"
"68.0","0.0","0.0","0.0","0.0","0.6000000238418579","0.45448651909828186","0.5455133318901062","1.355447949435984E-7","8.38122071744607E-11","0.3196641504764557","0.3612784147262573","0.3404712677001953","1.0"
"69.0","0.0","0.0","0.0","0.0","0.6000000238418579","0.3091568350791931","0.6880338788032532","0.0028093005530536175","6.870455759866445E-9","0.27647656202316284","0.35029664635658264","0.31338661909103394","1.0"
"70.0","0.0","0.0","0.0","0.0","0.8999999761581421","0.9278625249862671","0.0721374973654747","1.3910961271790256E-10","2.7759570198071515E-9","0.45651328563690186","0.5338819026947021","0.495197594165802","1.0"
"71.0","0.0","0.0","0.0","0.0","0.8999999761581421","0.9822517037391663","0.017747465521097183","8.499467298861418E-7","1.9274314783102042E-11","0.5353888273239136","0.5895667672157288","0.5624778270721436","1.0"
"72.0","0.0","0.0","0.0","0.0","0.6000000238418579","0.2169455587863922","0.7743157148361206","0.00873872172087431","7.887847319754115E-11","0.3416926860809326","0.48256567120552063","0.41212916374206543","1.0"
"73.0","0.0","0.0","0.0","0.0","0.8999999761581421","0.6422920823097229","0.3576832413673401","2.459813913446851E-5","6.838704535994111E-8","0.19864118099212646","0.31189706921577454","0.2552691102027893","1.0"
"74.0","0.0","0.0","0.0","0.0","0.8999999761581421","0.9597734212875366","0.04022606834769249","4.958027375323582E-7","8.111073661679069E-14","0.1504550278186798","0.25358885526657104","0.20202194154262543","0.0"
"75.0","0.0","0.0","0.0","0.0","0.8999999761581421","0.881626546382904","0.11734003573656082","0.0010334026301279664","1.6220411125367207E-10","0.29049646854400635","0.46223774552345276","0.37636709213256836","1.0"
"76.0","0.0","0.0","0.0","0.0","0.8999999761581421","0.9884670376777649","0.0113024041056633","2.302989742020145E-4","2.849378404334857E-7","0.42670783400535583","0.5585074424743652","0.49260765314102173","1.0"
"77.0","0.0","0.0","0.0","0.0","0.8999999761581421","0.8071547150611877","0.18879380822181702","0.0040514469146728516","6.643863237343339E-9","0.467919260263443","0.4927990138530731","0.48035913705825806","1.0"
"78.0","0.0","0.0","0.0","0.0","0.8999999761581421","0.9817140698432922","0.018278880044817924","7.063388238748303E-6","1.9443073817626555E-9","0.38941094279289246","0.27508360147476196","0.332247257232666","1.0"
"79.0","0.0","0.0","0.0","0.0","0.8999999761581421","0.9729850888252258","0.027013521641492844","1.3712934787690756E-6","1.695932999069838E-12","0.21429061889648438","0.309679239988327","0.2619849443435669","1.0"
"80.0","0.0","0.0","0.0","0.0","0.8999999761581421","0.9554093480110168","0.04459036886692047","2.8321807121756137E-7","9.559939780990137E-14","0.20938237011432648","0.4194602072238922","0.31442129611968994","1.0"
"81.0","0.0","0.0","0.0","0.0","0.8999999761581421","0.8329651355743408","0.16703425347805023","6.30658917089022E-7","5.939046563568917E-12","0.26356741786003113","0.5347058773040771","0.39913666248321533","1.0"
"82.0","0.0","0.0","0.0","0.0","0.8999999761581421","0.9900525212287903","0.009944337420165539","3.1152196697803447E-6","1.730346177453157E-8","0.21492606401443481","0.2178957611322403","0.21641090512275696","0.0"
"83.0","0.0","0.0","0.0","0.0","0.8999999761581421","0.9127954840660095","0.06337550282478333","0.02382899448275566","2.645232033415823E-9","0.16372911632061005","0.19961759448051453","0.1816733479499817","0.0"
"84.0","0.0","0.0","0.0","0.0","0.6000000238418579","0.46333733201026917","0.5366556644439697","7.018170890660258E-6","1.0386632526282469E-10","0.21076472103595734","0.19235248863697052","0.20155860483646393","0.0"
"85.0","0.0","0.0","0.0","0.0","0.8999999761581421","0.8977373838424683","0.10226235538721085","2.460354266986542E-7","1.998167527706568E-13","0.2986898720264435","0.23327088356018066","0.2659803628921509","0.0"
"86.0","0.0","0.0","0.0","0.0","0.6000000238418579","0.254207044839859","0.6051520705223083","0.14064091444015503","1.327652614582786E-12","0.33389702439308167","0.31708866357803345","0.32549285888671875","1.0"
"87.0","0.0","0.0","0.0","0.0","0.6000000238418579","0.2991695702075958","0.695396900177002","8.80406063515693E-4","0.004553110804408789","0.4646356403827667","0.48417916893959045","0.4744074046611786","1.0"
"88.0","0.0","0.0","0.0","0.0","0.8999999761581421","0.8187474608421326","0.17699575424194336","0.004256788641214371","1.7927501261283396E-8","0.351737380027771","0.34165045619010925","0.3466939330101013","1.0"
"89.0","0.0","0.0","0.0","0.0","0.8999999761581421","0.5888617038726807","0.40791600942611694","0.0032223074231296778","3.828603406530462E-11","0.4766494929790497","0.42373302578926086","0.4501912593841553","1.0"
"90.0","0.0","0.0","0.0","0.0","0.6000000238418579","0.06078675016760826","0.9392081499099731","5.07825870954548E-6","2.0461511651692632E-10","0.6768562197685242","0.48216378688812256","0.579509973526001","1.0"
"91.0","0.0","0.0","0.0","0.0","0.8999999761581421","0.987899124622345","0.012100853025913239","2.979563210742109E-13","3.557798722297889E-9","0.3429622948169708","0.35036778450012207","0.34666502475738525","1.0"
"92.0","0.0","0.0","0.0","0.0","0.8999999761581421","0.9312196969985962","0.0685863196849823","1.9382040773052722E-4","1.8201343721102603E-7","0.2592495381832123","0.2647548019886017","0.262002170085907","0.0"
"93.0","0.0","0.0","0.0","0.0","0.8999999761581421","0.7792029976844788","0.2203674018383026","4.24186117015779E-4","5.4243087106442545E-6","0.3893388509750366","0.37859979271888733","0.3839693069458008","1.0"
"94.0","0.0","0.0","0.0","0.0","0.8999999761581421","0.6872182488441467","0.26755180954933167","0.0452299490571022","1.8636099330393563E-9","0.2716785669326782","0.2761502265930176","0.2739143967628479","1.0"
"95.0","0.0","0.0","0.0","0.0","0.6000000238418579","0.2012641727924347","0.7985678315162659","1.680013519944623E-4","4.675547275734271E-12","0.38530436158180237","0.1954764872789383","0.2903904318809509","0.0"
"96.0","0.0","0.0","0.0","0.0","0.6000000238418579","0.1936417669057846","0.8048589825630188","0.0014992700889706612","2.0585878834911142E-10","0.5379767417907715","0.4880288243293762","0.5130027532577515","1.0"
"97.0","0.0","0.0","0.0","0.0","0.8999999761581421","0.5559750199317932","0.4440249502658844","1.0159103376247702E-12","4.707571138462541E-12","0.35024717450141907","0.30284565687179565","0.32654643058776855","1.0"
"98.0","0.0","0.0","0.0","0.0","0.8999999761581421","0.7467020750045776","0.2532978057861328","7.98994811285203E-12","1.4493240030333254E-7","0.3862359821796417","0.2501574754714966","0.31819671392440796","0.0"
"99.0","0.0","0.0","0.0","0.0","0.6000000238418579","0.047453053295612335","0.9523903131484985","1.566242572152987E-4","5.4672721211401765E-11","0.4241170883178711","0.239345982670784","0.33173152804374695","0.0"
"100.0","0.0","0.0","0.0","0.0","0.6000000238418579","0.2585796117782593","0.6829074025154114","0.05851297453045845","2.1336367339586104E-8","0.2614535391330719","0.2649579644203186","0.26320576667785645","0.0"
"101.0","0.0","0.0","0.0","0.0","0.8999999761581421","0.5042163729667664","0.48398688435554504","0.011796721257269382","1.4740691334225176E-8","0.33544856309890747","0.3372533917427063","0.3363509774208069","1.0"
"102.0","0.0","0.0","0.0","0.0","0.8999999761581421","0.9630014896392822","0.004605209454894066","0.03239331766963005","4.7522372322028605E-12","0.1866668313741684","0.2597641050815582","0.22321546077728271","0.0"
"103.0","0.0","0.0","0.0","0.0","0.8999999761581421","0.9584948420524597","0.04149487614631653","1.0303072485839948E-5","3.7185809986794993E-9","0.32801738381385803","0.2247687578201294","0.2763930559158325","0.0"
"104.0","0.0","0.0","0.0","0.0","0.6000000238418579","0.10227884352207184","0.8780861496925354","0.019634990021586418","8.526110996691025E-14","0.4260988235473633","0.37783950567245483","0.40196916460990906","1.0"
"105.0","0.0","0.0","0.0","0.0","0.6000000238418579","0.14064301550388336","0.8567874431610107","0.002569562755525112","4.458266221474272E-12","0.5732424259185791","0.6488910913467407","0.6110667586326599","1.0"
"106.0","0.0","0.0","0.0","0.0","0.8999999761581421","0.6090184450149536","0.35705575346946716","0.033925820142030716","3.344044333976337E-13","0.21245652437210083","0.2997814416885376","0.2561189830303192","1.0"
"107.0","0.0","0.0","0.0","0.0","0.8999999761581421","0.8987255692481995","0.10092099010944366","3.534703282639384E-4","6.804614597483161E-12","0.23481547832489014","0.36556538939476013","0.30019044876098633","1.0"
"108.0","0.0","0.0","0.0","0.0","0.8999999761581421","0.8832552433013916","0.11674453318119049","7.0847299381282536E-12","2.2937237531550636E-7","0.2493039220571518","0.2631520628929138","0.2562279999256134","0.0"
"109.0","0.0","0.0","0.0","0.0","0.6000000238418579","0.25279471278190613","0.7453556060791016","0.0018463707529008389","3.3014125619956758E-6","0.594756543636322","0.4540953040122986","0.5244259238243103","1.0"
"110.0","0.0","0.0","0.0","0.0","0.8999999761581421","0.8716307282447815","0.12687861919403076","0.0012269190046936274","2.6373303262516856E-4","0.2463396042585373","0.18499726057052612","0.2156684398651123","0.0"
"111.0","0.0","0.0","0.0","0.0","0.8999999761581421","0.9695930480957031","0.030088238418102264","3.1868965015746653E-4","1.987942477299498E-9","0.09672939777374268","0.09230414032936096","0.09451676905155182","0.0"
"112.0","0.0","0.0","0.0","0.0","0.6000000238418579","0.2870951294898987","0.706055223941803","0.006849644239991903","2.2243660247056596E-9","0.2600423991680145","0.2918383777141571","0.2759403884410858","1.0"
"113.0","0.0","0.0","0.0","0.0","0.6000000238418579","0.20106467604637146","0.7989183068275452","1.5850304407649674E-5","1.1846379948110553E-6","0.5253777503967285","0.38436082005500793","0.45486927032470703","1.0"
"137.0","0.0","0.0","0.0","0.0","0.8999999761581421","0.9061799645423889","0.09382002055644989","5.994226004446546E-9","1.4995785946325668E-8","0.12031569331884384","0.16350820660591125","0.14191195368766785","0.0"
"138.0","0.0","0.0","0.0","0.0","0.8999999761581421","0.7633680105209351","0.2366245687007904","7.415891104756156E-6","2.0529240529754134E-9","0.0938854068517685","0.08848363906145096","0.09118452668190002","0.0"
"139.0","0.0","0.0","0.0","0.0","0.8999999761581421","0.9994593262672424","5.405453266575933E-4","1.5724237576512066E-16","1.578258803647259E-7","0.2356855273246765","0.21595269441604614","0.22581911087036133","0.0"
"140.0","0.0","0.0","0.0","0.0","0.8999999761581421","0.9780545234680176","0.021945364773273468","1.0925003124384602E-7","9.26091911490623E-11","0.5291842222213745","0.5625079274177551","0.5458461046218872","1.0"
"141.0","0.0","0.0","0.0","0.0","0.8999999761581421","0.4846174418926239","0.3262171447277069","0.18916542828083038","4.240393640061492E-14","0.5897927284240723","0.5180230736732483","0.5539078712463379","1.0"
"142.0","0.0","0.0","0.0","0.0","0.8999999761581421","0.9739688038825989","0.025968823581933975","6.239047070266679E-5","4.2757915263980095E-11","0.3079394996166229","0.2527700364589691","0.280354768037796","0.0"
"143.0","0.0","0.0","0.0","0.0","0.8999999761581421","0.8637186288833618","0.13270007073879242","0.0035813134163618088","1.5742284862826916E-12","0.3523189127445221","0.34011310338974","0.34621602296829224","1.0"
"144.0","0.0","0.0","0.0","0.0","0.6000000238418579","0.0184348002076149","0.9815613627433777","3.820681740762666E-6","4.2345620065997736E-11","0.3254898190498352","0.30381137132644653","0.31465059518814087","1.0"
"145.0","0.0","0.0","0.0","0.0","0.8999999761581421","0.9988282918930054","0.001171589596197009","1.3917891145132089E-11","1.1054012105660149E-7","0.10472267121076584","0.1304260641336441","0.11757436394691467","0.0"
"146.0","0.0","0.0","0.0","0.0","0.6000000238418579","0.40881630778312683","0.5902242064476013","9.592043934389949E-4","2.4262430997623596E-7","0.2645103335380554","0.22299915552139282","0.24375474452972412","0.0"
"147.0","0.0","0.0","0.0","0.0","0.8999999761581421","0.9762195348739624","0.023780474439263344","1.3850375069068832E-8","3.122089045626275E-11","0.12890638411045074","0.13028036057949066","0.1295933723449707","0.0"
"148.0","0.0","0.0","0.0","0.0","0.8999999761581421","0.8064160346984863","0.19358161091804504","2.351902367081493E-6","4.712851203042545E-12","0.22669118642807007","0.17300350964069366","0.19984734058380127","0.0"
"149.0","0.0","0.0","0.0","0.0","0.8999999761581421","0.8326430916786194","0.16733390092849731","2.0311017578933388E-5","2.6747436550067505E-6","0.33357328176498413","0.3601561188697815","0.3468647003173828","1.0"
"150.0","0.0","0.0","0.0","0.0","0.8999999761581421","0.5999871492385864","0.39963045716285706","3.823500301223248E-4","7.107199451183988E-8","0.48037582635879517","0.3892967998981476","0.43483632802963257","1.0"
"151.0","0.0","0.0","0.0","0.0","0.6000000238418579","0.28885313868522644","0.7110192179679871","1.276273251278326E-4","1.3181409089235707E-12","0.5112979412078857","0.35734817385673523","0.4343230724334717","1.0"
"152.0","0.0","0.0","0.0","0.0","0.8999999761581421","0.6259278059005737","0.3729711174964905","0.0011010849848389626","1.9878018675534292E-10","0.3802889287471771","0.3381096124649048","0.35919928550720215","1.0"
"153.0","0.0","0.0","0.0","0.0","0.6000000238418579","0.14186280965805054","0.8508997559547424","0.007237430661916733","1.9379307186762063E-11","0.3377102017402649","0.3245087265968323","0.3311094641685486","1.0"
"154.0","0.0","0.0","0.0","0.0","0.6000000238418579","0.11817542463541031","0.880229651927948","0.0015878438716754317","7.09696223566425E-6","0.13301444053649902","0.1976846605539322","0.165349543094635","0.0"
"155.0","0.0","0.0","0.0","0.0","0.8999999761581421","0.6091242432594299","0.39087507128715515","6.728571406711126E-7","4.817556575886783E-9","0.2700241804122925","0.3469107747077942","0.30846747756004333","1.0"
"156.0","0.0","0.0","0.0","0.0","0.8999999761581421","0.9761373996734619","0.023862618952989578","9.783584609124318E-9","6.373877536880457E-10","0.41215798258781433","0.29349029064178467","0.3528241515159607","1.0"
"157.0","0.0","0.0","0.0","0.0","0.6000000238418579","0.008708999492228031","0.9891684651374817","0.002122554462403059","3.1775884701268353E-10","0.5680689811706543","0.3501192331314087","0.4590941071510315","1.0"
"158.0","0.0","0.0","0.0","0.0","0.6000000238418579","0.3997310698032379","0.5491861701011658","0.05108271539211273","5.797346602776088E-8","0.5077160596847534","0.6217296719551086","0.5647228956222534","1.0"
"159.0","0.0","0.0","0.0","0.0","0.8999999761581421","0.8073435425758362","0.1789015382528305","0.01375490054488182","4.765104977266788E-10","0.36103472113609314","0.2876547873020172","0.3243447542190552","1.0"
"160.0","0.0","0.0","0.0","0.0","0.6000000238418579","0.4012257158756256","0.5968495011329651","0.0019247184973210096","3.869619646934552E-8","0.2569285035133362","0.18458370864391327","0.22075611352920532","0.0"
"161.0","0.0","0.0","0.0","0.0","0.6000000238418579","0.2922702133655548","0.7077293395996094","7.417881309201846E-10","4.328162219735532E-7","0.30172544717788696","0.38135403394699097","0.34153974056243896","1.0"
"162.0","0.0","0.0","0.0","0.0","0.6000000238418579","0.05944129079580307","0.9404894113540649","6.913216930115595E-5","1.8775563148665242E-7","0.3433118462562561","0.410138338804245","0.37672507762908936","1.0"
"163.0","0.0","0.0","0.0","0.0","0.8999999761581421","0.5899733901023865","0.4096827805042267","3.410401113796979E-4","2.78732159131323E-6","0.5653442144393921","0.4037110507488251","0.4845276474952698","1.0"
"164.0","0.0","0.0","0.0","0.0","0.8999999761581421","0.513291597366333","0.476182222366333","0.010526194237172604","5.385734176341361E-13","0.5426676869392395","0.3455650210380554","0.44411635398864746","1.0"
"165.0","0.0","0.0","0.0","0.0","0.6000000238418579","0.246113121509552","0.7233455181121826","0.030541349202394485","2.0207706619146393E-9","0.4321383237838745","0.42903268337249756","0.43058550357818604","1.0"
"166.0","0.0","0.0","0.0","0.0","0.8999999761581421","0.6432204246520996","0.35675033926963806","2.911939736804925E-5","1.1941412481064617E-7","0.340730756521225","0.27634623646736145","0.3085384964942932","1.0"
"167.0","0.0","0.0","0.0","0.0","0.8999999761581421","0.8320295810699463","0.16797040402889252","1.1571879522317974E-13","4.332002845330862E-8","0.32399246096611023","0.2725990116596222","0.2982957363128662","0.0"
"168.0","0.0","0.0","0.0","0.0","0.8999999761581421","0.879037618637085","0.12026645243167877","6.958963931538165E-4","7.820741667122211E-13","0.38918986916542053","0.2701188921928406","0.32965439558029175","0.0"
"169.0","0.0","0.0","0.0","0.0","0.6000000238418579","0.4485781788825989","0.5489799976348877","0.002441809047013521","2.4897741854323918E-11","0.357753723859787","0.42265555262565613","0.39020463824272156","1.0"
"170.0","0.0","0.0","0.0","0.0","0.8999999761581421","0.6215879917144775","0.3784104883670807","7.36735159989621E-7","7.721761789980519E-7","0.30514970421791077","0.35556092858314514","0.33035531640052795","1.0"
"171.0","0.0","0.0","0.0","0.0","0.8999999761581421","0.6973447799682617","0.30264851450920105","6.107725312176626E-6","6.031909833836835E-7","0.34411928057670593","0.2147332727909088","0.2794262766838074","0.0"
"172.0","0.0","0.0","0.0","0.0","0.8999999761581421","0.7045413851737976","0.22730186581611633","0.06815673410892487","6.746246790367838E-12","0.25694334506988525","0.21299439668655396","0.2349688708782196","0.0"
"173.0","0.0","0.0","0.0","0.0","0.8999999761581421","0.8914628624916077","0.10827705264091492","2.576457045506686E-4","2.452398575769621E-6","0.2995593547821045","0.24351392686367035","0.271536648273468","0.0"
"174.0","0.0","0.0","0.0","0.0","0.8999999761581421","0.9981565475463867","0.001843428472056985","9.613586541753616E-25","3.051537494913603E-11","0.16019371151924133","0.12902265787124634","0.14460818469524384","0.0"
"175.0","0.0","0.0","0.0","0.0","0.8999999761581421","0.9974722266197205","0.0025277857203036547","1.70929029529596E-14","2.0558974522799645E-9","0.16501480340957642","0.20219948887825012","0.18360714614391327","0.0"
"176.0","0.0","0.0","0.0","0.0","0.8999999761581421","0.8521429896354675","0.14785701036453247","8.985466259936459E-10","3.77415980412632E-11","0.158498615026474","0.24603813886642456","0.20226837694644928","0.0"
"177.0","0.0","0.0","0.0","0.0","0.6000000238418579","0.15929676592350006","0.8398752212524414","8.280051406472921E-4","1.104697305853719E-10","0.29115861654281616","0.30552518367767334","0.29834190011024475","1.0"
"178.0","0.0","0.0","0.0","0.0","0.8999999761581421","0.8178008794784546","0.1784718781709671","0.0037261322140693665","1.0854779475266696E-6","0.24325965344905853","0.35052159428596497","0.29689061641693115","1.0"
"179.0","0.0","0.0","0.0","0.0","0.8999999761581421","0.8255382180213928","0.17445795238018036","6.88208245946953E-8","3.7596357742586406E-6","0.35831207036972046","0.24682052433490753","0.3025662899017334","0.0"
"180.0","0.0","0.0","0.0","0.0","0.6000000238418579","0.3930805027484894","0.5960568785667419","0.010862595401704311","1.283133599372377E-8","0.33625495433807373","0.2757326662540436","0.30599379539489746","1.0"
"181.0","0.0","0.0","0.0","0.0","0.8999999761581421","0.9984893202781677","0.0015106674982234836","2.6758336865717602E-11","4.063372571749824E-8","0.3283443748950958","0.4916185736656189","0.40998148918151855","1.0"
"182.0","0.0","0.0","0.0","0.0","0.8999999761581421","0.9992179870605469","7.820038590580225E-4","1.1734823568018639E-16","4.991291269185183E-10","0.337899774312973","0.35814642906188965","0.34802311658859253","1.0"
"183.0","0.0","0.0","0.0","0.0","0.6000000238418579","0.3349951505661011","0.6649046540260315","1.0016483429353684E-4","6.689471376830625E-8","0.4712922275066376","0.38082483410835266","0.4260585308074951","1.0"
"184.0","0.0","0.0","0.0","0.0","0.6000000238418579","0.05572226643562317","0.9240697622299194","0.020207971334457397","1.901569396736691E-12","0.711622416973114","0.6664246320724487","0.689023494720459","1.0"
"185.0","0.0","0.0","0.0","0.0","0.6000000238418579","0.3804152011871338","0.6189473867416382","6.374083459377289E-4","1.4899583980878053E-14","0.3671433925628662","0.2469683289527893","0.30705586075782776","0.0"
"186.0","0.0","0.0","0.0","0.0","0.8999999761581421","0.8338218331336975","0.1118464544415474","0.054331742227077484","1.3785208800745456E-14","0.3394306004047394","0.3171693980693817","0.32829999923706055","1.0"
"187.0","0.0","0.0","0.0","0.0","0.8999999761581421","0.5329376459121704","0.4316185712814331","0.03544379770755768","4.843177508345731E-12","0.36403998732566833","0.3546121120452881","0.3593260645866394","1.0"
"188.0","0.0","0.0","0.0","0.0","0.6000000238418579","0.4190216660499573","0.5798225998878479","0.0011556831886991858","7.685817138280981E-8","0.6750310659408569","0.8157624006271362","0.7453967332839966","1.0"
"189.0","0.0","0.0","0.0","0.0","0.8999999761581421","0.9999158978462219","8.40860593598336E-5","2.3275124960909143E-15","1.470678787085511E-11","0.5984211564064026","0.6286125183105469","0.6135168075561523","1.0"
"190.0","0.0","0.0","0.0","0.0","0.8999999761581421","0.8394967317581177","0.16050323843955994","1.1720814423188397E-11","2.1186023602126625E-8","0.524279773235321","0.5832383632659912","0.5537590980529785","1.0"
"191.0","0.0","0.0","0.0","0.0","0.8999999761581421","0.5838282108306885","0.4161395728588104","3.223331441404298E-5","2.3641791649375854E-11","0.422015517950058","0.3678084909915924","0.3949120044708252","1.0"
"192.0","0.0","0.0","0.0","0.0","0.6000000238418579","0.05340561270713806","0.9465920329093933","2.3753968889650423E-6","1.2367495536794865E-13","0.6256259083747864","0.482914000749588","0.5542699694633484","1.0"
"193.0","0.0","0.0","0.0","0.0","0.8999999761581421","0.7759577035903931","0.2235497236251831","4.925472312606871E-4","1.061096401174487E-13","-99999.0","-99999.0","-99999.0","0.0"
"194.0","0.0","0.0","0.0","0.0","0.6000000238418579","0.18209308385849","0.631958544254303","0.18594837188720703","5.977074946095229E-10","0.5102669596672058","0.5064259171485901","0.508346438407898","1.0"
"195.0","0.0","0.0","0.0","0.0","0.6000000238418579","0.35360774397850037","0.6375201344490051","0.008872127160429955","7.1606991447481505E-9","0.5422891974449158","0.5165359377861023","0.529412567615509","1.0"
"196.0","0.0","0.0","0.0","0.0","0.6000000238418579","0.19560837745666504","0.8043846487998962","6.028184088791022E-6","9.412162853550399E-7","0.5881946086883545","0.4700140357017517","0.5291043519973755","1.0"
"197.0","0.0","0.0","0.0","0.0","0.6000000238418579","0.22864651679992676","0.771342933177948","1.052923016686691E-5","1.9197631331846488E-11","-99999.0","-99999.0","-99999.0","0.0"
"198.0","0.0","0.0","0.0","0.0","0.6000000238418579","0.09394793957471848","0.9041085839271545","0.0019434916321188211","7.316960926040394E-11","-99999.0","-99999.0","-99999.0","0.0"
"199.0","0.0","0.0","0.0","0.0","0.6000000238418579","0.01992684043943882","0.9784147143363953","0.0016584323020651937","5.861751084523803E-10","0.44843223690986633","0.3910433053970337","0.4197377562522888","1.0"
"200.0","0.0","0.0","0.0","0.0","0.6000000238418579","0.2960255444049835","0.703870952129364","1.0348602518206462E-4","1.6350054643510248E-10","0.4967641830444336","0.30240175127983093","0.39958298206329346","1.0"
"201.0","0.0","0.0","0.0","0.0","0.6000000238418579","0.3712559938430786","0.6287420392036438","1.9640517621155595E-6","4.208040138564684E-9","0.5335354208946228","0.48507675528526306","0.5093060731887817","1.0"
"202.0","0.0","0.0","0.0","0.0","0.8999999761581421","0.9160611629486084","0.08393882215023041","1.1200386396126305E-8","3.1762452267121172E-15","0.2294461727142334","0.18004687130451202","0.20474651455879211","0.0"
"203.0","0.0","0.0","0.0","0.0","0.8999999761581421","0.9547391533851624","0.04525233060121536","8.511882697348483E-6","1.7024631704387616E-10","0.33010628819465637","0.26126009225845337","0.29568320512771606","0.0"
"204.0","0.0","0.0","0.0","0.0","0.8999999761581421","0.5392677187919617","0.46073126792907715","9.833863714447943E-7","3.3974483382853693E-13","0.29163408279418945","0.2859501540660858","0.28879213333129883","1.0"
"205.0","0.0","0.0","0.0","0.0","0.6000000238418579","0.3022347390651703","0.6977652311325073","1.6496382038155843E-10","1.8468672424720722E-10","0.3416140377521515","0.2205781489610672","0.28109610080718994","0.0"
"206.0","0.0","0.0","0.0","0.0","0.8999999761581421","0.672980785369873","0.32699406147003174","2.514966035960242E-5","1.8710782923037073E-10","0.31369709968566895","0.29649412631988525","0.3050956130027771","1.0"
"207.0","0.0","0.0","0.0","0.0","0.6000000238418579","0.37214645743370056","0.6086706519126892","0.019182922318577766","6.60429263360518E-12","0.32999300956726074","0.31691133975982666","0.3234521746635437","1.0"
"208.0","0.0","0.0","0.0","0.0","0.6000000238418579","0.24476538598537445","0.7494295835494995","0.00580498855561018","1.2572121121934288E-8","0.47135427594184875","0.3265703022480011","0.3989622890949249","1.0"
"209.0","0.0","0.0","0.0","0.0","0.8999999761581421","0.9157668948173523","0.08420123159885406","3.1883078918326646E-5","6.652753348213025E-11","0.3041846752166748","0.26053935289382935","0.2823620140552521","0.0"
"210.0","0.0","0.0","0.0","0.0","0.8999999761581421","0.9172181487083435","0.08272422105073929","5.761630745837465E-5","2.9095968689940577E-11","0.4335438311100006","0.4445089101791382","0.4390263557434082","1.0"
"211.0","0.0","0.0","0.0","0.0","0.8999999761581421","0.8368763327598572","0.16301074624061584","1.1275478027528152E-4","1.7610335589779424E-7","0.585701584815979","0.4946262836456299","0.5401639342308044","1.0"
"212.0","0.0","0.0","0.0","0.0","0.8999999761581421","0.9328323006629944","0.06716747581958771","1.6891549137199036E-7","7.101155574673612E-8","0.36983656883239746","0.2671859562397003","0.3185112476348877","0.0"
"213.0","0.0","0.0","0.0","0.0","0.8999999761581421","0.7460490465164185","0.23058147728443146","0.023367902263998985","1.573603867655038E-6","0.338670015335083","0.35009995102882385","0.34438496828079224","1.0"
"214.0","0.0","0.0","0.0","0.0","0.8999999761581421","0.8865075707435608","0.07501420378684998","0.038478195667266846","3.585862717869759E-10","0.5381892323493958","0.5869377255439758","0.5625634789466858","1.0"
"215.0","0.0","0.0","0.0","0.0","0.6000000238418579","0.05310751497745514","0.8929042816162109","0.05398821085691452","3.0825598150430178E-12","0.39907634258270264","0.44778555631637573","0.4234309494495392","1.0"
"216.0","0.0","0.0","0.0","0.0","0.8999999761581421","0.5614999532699585","0.43844375014305115","5.6297674746019766E-5","3.4840709757879597E-15","0.24417957663536072","0.5153968930244446","0.37978821992874146","1.0"
"217.0","0.0","0.0","0.0","0.0","0.8999999761581421","0.997376024723053","0.0026223298627883196","1.6169786931641283E-6","7.409224872089587E-14","0.5059208869934082","0.7707170844078064","0.6383190155029297","1.0"
"218.0","0.0","0.0","0.0","0.0","0.8999999761581421","0.6036615967750549","0.36148038506507874","0.034858014434576035","3.2447269870949924E-10","0.3197476267814636","0.48821812868118286","0.40398287773132324","1.0"
"219.0","0.0","0.0","0.0","0.0","0.8999999761581421","0.9710260629653931","0.02896733395755291","2.811377157740935E-7","6.340514119074214E-6","0.49309757351875305","0.650332510471344","0.5717150568962097","1.0"
"220.0","0.0","0.0","0.0","0.0","0.8999999761581421","0.8191344738006592","0.18041448295116425","4.248961922712624E-4","2.614389086375013E-5","0.2808624505996704","0.43497222661972046","0.35791733860969543","1.0"
"221.0","0.0","0.0","0.0","0.0","0.6000000238418579","0.35441917181015015","0.6417223215103149","0.003854653099551797","3.8403491089411546E-6","0.5587480068206787","0.7135870456695557","0.6361675262451172","1.0"
"222.0","0.0","0.0","0.0","0.0","0.8999999761581421","0.5811868906021118","0.41835081577301025","4.622765991371125E-4","3.8698502180523064E-9","0.35946255922317505","0.22974658012390137","0.2946045696735382","0.0"
"223.0","0.0","0.0","0.0","0.0","0.8999999761581421","0.5922310948371887","0.4065744876861572","0.0011938614770770073","5.625244625662162E-7","0.5901740789413452","0.2791169583797455","0.43464553356170654","1.0"
"224.0","0.0","0.0","0.0","0.0","0.6000000238418579","0.31223994493484497","0.6706379055976868","0.017122123390436172","2.1147218362289194E-13","0.6864548921585083","0.5681280493736267","0.6272914409637451","1.0"
"225.0","0.0","0.0","0.0","0.0","0.8999999761581421","0.5845107436180115","0.35550010204315186","0.05998915433883667","3.2198825853854696E-14","0.25257280468940735","0.34454935789108276","0.29856109619140625","1.0"
"226.0","0.0","0.0","0.0","0.0","0.6000000238418579","0.3587893843650818","0.6378960013389587","0.0033146250061690807","1.0520649022099926E-12","0.7334450483322144","0.7574660181999207","0.7454555034637451","1.0"
"227.0","0.0","0.0","0.0","0.0","0.8999999761581421","0.5883578658103943","0.4116227328777313","1.9408353182370774E-5","3.3692441740208745E-13","0.6229689121246338","0.6987934708595276","0.6608811616897583","1.0"
"228.0","0.0","0.0","0.0","0.0","0.8999999761581421","0.9320821762084961","0.0679081380367279","9.656022484705318E-6","2.4223622219210483E-8","0.24531066417694092","0.377002090215683","0.31115639209747314","1.0"
"229.0","0.0","0.0","0.0","0.0","0.8999999761581421","0.7806949019432068","0.21903541684150696","2.6968427118845284E-4","1.2443904795489402E-9","0.35124433040618896","0.5715003609657288","0.46137234568595886","1.0"
"230.0","0.0","0.0","0.0","0.0","0.8999999761581421","0.5556942820549011","0.4432305693626404","0.001075121690519154","1.0577510276086471E-13","0.5034860968589783","0.4633585512638092","0.48342233896255493","1.0"
"231.0","0.0","0.0","0.0","0.0","0.8999999761581421","0.7483929395675659","0.23985768854618073","0.01174935046583414","3.910999302192408E-11","0.31817835569381714","0.37120822072029114","0.34469330310821533","1.0"
"232.0","0.0","0.0","0.0","0.0","0.6000000238418579","0.220537930727005","0.592995822429657","0.186466246843338","3.254824409992807E-9","0.48021790385246277","0.5259655117988586","0.5030916929244995","1.0"
"233.0","0.0","0.0","0.0","0.0","0.8999999761581421","0.9770189523696899","0.02298029325902462","6.450483864498674E-14","7.287950438694679E-7","0.3561691641807556","0.3311164677143097","0.34364283084869385","1.0"
"234.0","0.0","0.0","0.0","0.0","0.8999999761581421","0.8991230130195618","0.09912478178739548","0.0017521526897326112","6.454927614640837E-8","0.1907452493906021","0.16335056722164154","0.17704790830612183","0.0"
"235.0","0.0","0.0","0.0","0.0","0.8999999761581421","0.7042043209075928","0.26381099224090576","0.03198447823524475","2.205116231834836E-7","0.42940977215766907","0.46449780464172363","0.44695377349853516","1.0"
"236.0","0.0","0.0","0.0","0.0","0.6000000238418579","0.0497329980134964","0.8397653102874756","0.11050167679786682","1.04695223844542E-12","0.5793523192405701","0.6635212302207947","0.6214367747306824","1.0"
"237.0","0.0","0.0","0.0","0.0","0.8999999761581421","0.5793716311454773","0.4206179082393646","1.0459124496264849E-5","2.7786970502319264E-9","0.36192381381988525","0.43174809217453003","0.39683595299720764","1.0"
"238.0","0.0","0.0","0.0","0.0","0.8999999761581421","0.766018271446228","0.23398107290267944","2.3089914691354352E-7","4.2710718162197736E-7","0.30676722526550293","0.3235745131969452","0.31517088413238525","1.0"
"239.0","0.0","0.0","0.0","0.0","0.8999999761581421","0.9117109179496765","0.07121994346380234","0.017069151625037193","1.2589214393177173E-10","0.17128868401050568","0.26917123794555664","0.22022995352745056","0.0"
"240.0","0.0","0.0","0.0","0.0","0.30000001192092896","0.33361145853996277","0.28778859972953796","0.37859994173049927","5.037854022837962E-10","0.2401372790336609","0.4089941382408142","0.32456570863723755","1.0"
"241.0","0.0","0.0","0.0","0.0","0.8999999761581421","0.6634042859077454","0.18655022978782654","0.1500455141067505","7.113111098397407E-13","0.2484178990125656","0.3250974118709564","0.2867576479911804","1.0"
"242.0","0.0","0.0","0.0","0.0","0.8999999761581421","0.5583149790763855","0.404525488615036","0.03715955466032028","3.4909217443840346E-13","0.3755108118057251","0.4410206973552704","0.40826576948165894","1.0"
"243.0","0.0","0.0","0.0","0.0","0.8999999761581421","0.6837799549102783","0.3155013620853424","7.187064038589597E-4","1.4458460817490248E-10","0.6170523166656494","0.6058029532432556","0.6114276647567749","1.0"
"244.0","0.0","0.0","0.0","0.0","0.8999999761581421","0.7115302681922913","0.2169511765241623","0.07151852548122406","6.16496409477918E-10","0.47630754113197327","0.600091814994812","0.5381996631622314","1.0"
"245.0","0.0","0.0","0.0","0.0","0.8999999761581421","0.8875009417533875","0.11187692731618881","6.221316289156675E-4","4.586210078372233E-9","0.2639365494251251","0.23794032633304596","0.25093844532966614","0.0"
"246.0","0.0","0.0","0.0","0.0","0.8999999761581421","0.9698425531387329","0.030156917870044708","5.59071679617773E-7","3.609623155931274E-10","0.32389476895332336","0.3047678470611572","0.3143312931060791","1.0"
"247.0","0.0","0.0","0.0","0.0","0.6000000238418579","0.4235471189022064","0.5165600776672363","0.05989277735352516","1.1346911908335922E-12","0.31264835596084595","0.43037036061286926","0.3715093731880188","1.0"
"248.0","0.0","0.0","0.0","0.0","0.6000000238418579","0.44071123003959656","0.44541528820991516","0.11387350410223007","3.3712431717763947E-12","0.489934504032135","0.6137306690216064","0.5518325567245483","1.0"
"249.0","0.0","0.0","0.0","0.0","0.8999999761581421","0.7695438861846924","0.21971021592617035","0.010745910927653313","8.674809315323273E-9","0.47350698709487915","0.6201695203781128","0.5468382835388184","1.0"
"250.0","0.0","0.0","0.0","0.0","0.8999999761581421","0.9936618208885193","0.006302852649241686","3.5346900403965265E-5","3.108312912614153E-11","0.2820926904678345","0.3612874448299408","0.32169008255004883","1.0"
"251.0","0.0","0.0","0.0","0.0","0.8999999761581421","0.9934439063072205","0.006508444901555777","4.762526441481896E-5","1.6757503371045424E-11","0.21407629549503326","0.2928987443447113","0.2534875273704529","1.0"
"252.0","0.0","0.0","0.0","0.0","0.8999999761581421","0.7025356292724609","0.2957427203655243","0.0017216835403814912","9.666002373509563E-12","0.4786955714225769","0.593110203742981","0.5359028577804565","1.0"
"253.0","0.0","0.0","0.0","0.0","0.8999999761581421","0.6698045134544373","0.32708799839019775","0.0031074779108166695","9.706875060688791E-12","0.2862062156200409","0.20143361389636993","0.243819922208786","0.0"
"254.0","0.0","0.0","0.0","0.0","0.30000001192092896","0.24244099855422974","0.18043504655361176","0.5771239399909973","2.585076157109634E-15","0.1888851672410965","0.2793993353843689","0.2341422438621521","1.0"
"255.0","0.0","0.0","0.0","0.0","0.8999999761581421","0.9626168012619019","8.884886628948152E-4","0.03649469465017319","4.820784681278285E-15","0.34081998467445374","0.19182971119880676","0.26632484793663025","0.0"
"256.0","0.0","0.0","0.0","0.0","0.6000000238418579","0.17628006637096405","0.7818881869316101","0.04183173179626465","1.430126156387601E-10","0.1654399186372757","0.09875065833330154","0.13209529221057892","0.0"
"257.0","0.0","0.0","0.0","0.0","0.6000000238418579","0.2843533754348755","0.6953911781311035","0.020255429670214653","3.984951035818085E-9","0.22353407740592957","0.24518465995788574","0.23435936868190765","0.0"
"258.0","0.0","0.0","0.0","0.0","0.8999999761581421","0.7166178822517395","0.28021591901779175","0.003166116075590253","1.0783050186091714E-7","0.5595024824142456","0.5320876240730286","0.5457950830459595","1.0"
"259.0","0.0","0.0","0.0","0.0","0.8999999761581421","0.9388832449913025","0.06102142855525017","9.529341332381591E-5","5.0953165242617615E-8","0.20743294060230255","0.23752474784851074","0.22247883677482605","0.0"
"260.0","0.0","0.0","0.0","0.0","0.6000000238418579","0.4302133321762085","0.537530779838562","0.032255757600069046","1.2266693261153705E-7","0.21521420776844025","0.2706354856491089","0.24292483925819397","0.0"
"261.0","0.0","0.0","0.0","0.0","0.8999999761581421","0.8951222896575928","0.06480468809604645","0.040072862058877945","1.546722359080377E-7","0.1445755809545517","0.2864242196083069","0.2154999077320099","1.0"
"262.0","0.0","0.0","0.0","0.0","0.8999999761581421","0.6596576571464539","0.1210072711110115","0.21933504939079285","9.039440307390123E-10","0.21419228613376617","0.31032705307006836","0.26225966215133667","1.0"
"263.0","0.0","0.0","0.0","0.0","0.6000000238418579","0.02845839224755764","0.7343173027038574","0.23722434043884277","3.21624156343972E-13","0.34515801072120667","0.4953247904777527","0.42024141550064087","1.0"
"264.0","0.0","0.0","0.0","0.0","0.8999999761581421","0.7224665284156799","0.09047873318195343","0.18705467879772186","5.9218624670620557E-8","0.19505693018436432","0.2053215354681015","0.2001892328262329","0.0"
"265.0","0.0","0.0","0.0","0.0","0.8999999761581421","0.9698445796966553","0.03015001490712166","8.948022127697186E-7","4.528704721451504E-6","0.21887844800949097","0.19260889291763306","0.205743670463562","0.0"
"266.0","0.0","0.0","0.0","0.0","0.30000001192092896","0.37021225690841675","0.22512497007846832","0.40466275811195374","7.273273650021395E-11","0.16971169412136078","0.24851210415363312","0.20911189913749695","0.0"
"267.0","0.0","0.0","0.0","0.0","0.8999999761581421","0.5690561532974243","0.3550494611263275","0.07589441537857056","5.771813148952587E-12","0.3227066695690155","0.42557066679000854","0.37413865327835083","1.0"
"268.0","0.0","0.0","0.0","0.0","0.6000000238418579","0.49845170974731445","0.49884283542633057","0.0027054764796048403","2.1451178333631304E-10","0.2386106550693512","0.48510056734085083","0.3618556261062622","1.0"
"269.0","0.0","0.0","0.0","0.0","0.8999999761581421","0.7221074104309082","0.2105695903301239","0.0673229917883873","2.732180454101396E-11","0.3172970116138458","0.36896976828575134","0.3431333899497986","1.0"
"293.0","0.0","0.0","0.0","0.0","0.6000000238418579","0.1545620560646057","0.8326796889305115","0.01275825034826994","4.2195965471725216E-11","0.678936243057251","0.43620723485946655","0.5575717687606812","1.0"
"294.0","0.0","0.0","0.0","0.0","0.8999999761581421","0.6408957242965698","0.22831906378269196","0.13078522682189941","1.250166029725941E-11","-99999.0","-99999.0","-99999.0","0.0"
"295.0","0.0","0.0","0.0","0.0","0.6000000238418579","0.009037032723426819","0.6156730055809021","0.3752899765968323","2.4665410339186344E-11","-99999.0","-99999.0","-99999.0","0.0"
"296.0","0.0","0.0","0.0","0.0","0.6000000238418579","0.03958719223737717","0.7089525461196899","0.2514602541923523","3.5517239208016343E-15","0.14411301910877228","0.26614269614219666","0.20512786507606506","0.0"
"297.0","0.0","0.0","0.0","0.0","0.8999999761581421","0.7850250601768494","0.19901305437088013","0.01596187986433506","2.8664373097342377E-9","0.19286110997200012","0.25945210456848145","0.22615660727024078","0.0"
"298.0","0.0","0.0","0.0","0.0","0.8999999761581421","0.6892141103744507","0.3067501187324524","0.0040357643738389015","2.1883887930951307E-12","0.2437659204006195","0.3769505023956299","0.3103582262992859","1.0"
"299.0","0.0","0.0","0.0","0.0","0.6000000238418579","0.09104076772928238","0.9089176058769226","4.162554978393018E-5","2.744249827379974E-10","0.34068191051483154","0.30385923385620117","0.32227057218551636","1.0"
"300.0","0.0","0.0","0.0","0.0","0.6000000238418579","0.27161574363708496","0.728384256362915","1.3526069153613207E-9","1.324913068145861E-9","0.43590137362480164","0.43771329522132874","0.4368073344230652","1.0"
"301.0","0.0","0.0","0.0","0.0","0.8999999761581421","0.5302051901817322","0.4697948098182678","2.5851887297534404E-9","4.0399183998118815E-11","0.43870219588279724","0.3858497440814972","0.4122759699821472","1.0"
"302.0","0.0","0.0","0.0","0.0","0.8999999761581421","0.8859211206436157","0.11386262625455856","2.1623997599817812E-4","1.7726077767080128E-12","0.39876362681388855","0.41190245747566223","0.4053330421447754","1.0"
"303.0","0.0","0.0","0.0","0.0","0.8999999761581421","0.7803382277488708","0.2185668647289276","0.0010948844719678164","6.414430690604271E-16","0.34335803985595703","0.3075365126132965","0.3254472613334656","1.0"
"304.0","0.0","0.0","0.0","0.0","0.30000001192092896","0.04561702162027359","0.08951367437839508","0.8648692965507507","3.32552864267682E-16","-99999.0","-99999.0","-99999.0","0.0"
"305.0","0.0","0.0","0.0","0.0","0.6000000238418579","0.08250045776367188","0.48481738567352295","0.4326821565628052","7.063448113567503E-17","0.1704539954662323","0.15528692305088043","0.16287046670913696","0.0"
"306.0","0.0","0.0","0.0","0.0","0.6000000238418579","0.1696508824825287","0.830293595790863","5.553192022489384E-5","1.1923256826307238E-9","0.48886287212371826","0.3789198398590088","0.4338913559913635","1.0"
"307.0","0.0","0.0","0.0","0.0","0.6000000238418579","0.08584218472242355","0.914129912853241","2.791763108689338E-5","5.04266539635978E-9","0.4880414605140686","0.22544832527637482","0.3567448854446411","0.0"
"308.0","0.0","0.0","0.0","0.0","0.6000000238418579","0.2968536615371704","0.6928935647010803","0.010252801701426506","2.5470284959101547E-15","0.33639857172966003","0.346018522977829","0.3412085473537445","1.0"
"309.0","0.0","0.0","0.0","0.0","0.6000000238418579","0.09255072474479675","0.9073529243469238","9.634023444959894E-5","7.127185126798441E-13","0.6794050335884094","0.501503586769104","0.5904543399810791","1.0"
"310.0","0.0","0.0","0.0","0.0","0.8999999761581421","0.8452132940292358","0.15284644067287445","1.9305362430194206E-12","0.0019402791513130069","0.5252336263656616","0.5868847966194153","0.5560592412948608","1.0"
"311.0","0.0","0.0","0.0","0.0","0.6000000238418579","0.478815495967865","0.5209845304489136","1.999898668145761E-4","9.478170201818181E-13","0.3485136032104492","0.18003004789352417","0.2642718255519867","0.0"
"312.0","0.0","0.0","0.0","0.0","0.6000000238418579","0.3903384804725647","0.6096614003181458","9.317542293274528E-8","5.236751570575349E-12","0.3962823748588562","0.21193364262580872","0.30410802364349365","0.0"
"313.0","0.0","0.0","0.0","0.0","0.6000000238418579","0.05541802942752838","0.944564163684845","1.7785319869290106E-5","7.039675786746358E-11","0.6016829609870911","0.5115737318992615","0.5566283464431763","1.0"
"314.0","0.0","0.0","0.0","0.0","0.6000000238418579","0.2757177948951721","0.7240742444992065","2.0795839373022318E-4","6.698900548857134E-12","0.300160676240921","0.18785831332206726","0.24400949478149414","0.0"
"315.0","0.0","0.0","0.0","0.0","0.8999999761581421","0.6252380609512329","0.37474381923675537","1.8131524484488182E-5","6.496880117223824E-11","0.2971585988998413","0.2158745676279068","0.25651657581329346","0.0"
"316.0","0.0","0.0","0.0","0.0","0.6000000238418579","0.037642497569322586","0.9623510837554932","5.810459242638899E-6","5.996097343086149E-7","0.6383456587791443","0.3741915225982666","0.5062686204910278","1.0"
"317.0","0.0","0.0","0.0","0.0","0.8999999761581421","0.9347522854804993","0.06524760276079178","1.3380611896263161E-10","1.2688394690485438E-7","0.31036850810050964","0.3143972158432007","0.31238287687301636","1.0"
"318.0","0.0","0.0","0.0","0.0","0.6000000238418579","0.08403747528791428","0.9150891900062561","8.733078720979393E-4","6.637542182552636E-10","0.5604604482650757","0.5601290464401245","0.5602947473526001","1.0"
"319.0","0.0","0.0","0.0","0.0","0.8999999761581421","0.5948533415794373","0.40054234862327576","0.004604320507496595","4.0612803918482765E-12","0.28747352957725525","0.15873795747756958","0.22310574352741241","0.0"
"320.0","0.0","0.0","0.0","0.0","0.8999999761581421","0.822795033454895","0.17514485120773315","0.002060130937024951","4.18041859809315E-12","0.2347620576620102","0.17318697273731232","0.20397451519966125","0.0"
"321.0","0.0","0.0","0.0","0.0","0.8999999761581421","0.5890510082244873","0.41094890236854553","9.197248118653079E-8","3.2391028748079975E-10","0.3826626241207123","0.5117509961128235","0.4472067952156067","1.0"
"322.0","0.0","0.0","0.0","0.0","0.6000000238418579","0.2891797721385956","0.6165434122085571","0.09427681565284729","7.327480094042327E-13","0.25250062346458435","0.4173224866390228","0.3349115550518036","1.0"
"323.0","0.0","0.0","0.0","0.0","0.8999999761581421","0.5410411953926086","0.14387710392475128","0.31508171558380127","7.446676196683211E-13","0.16393768787384033","0.2874409258365631","0.22568930685520172","1.0"
"324.0","0.0","0.0","0.0","0.0","0.8999999761581421","0.5412282347679138","0.45731911063194275","0.0014526450540870428","1.9816610852263494E-10","0.16883842647075653","0.2586498260498047","0.2137441337108612","0.0"
"325.0","0.0","0.0","0.0","0.0","0.6000000238418579","0.05398518219590187","0.937865138053894","0.008149683475494385","5.739189679054846E-11","0.37939515709877014","0.3783789873123169","0.3788870573043823","1.0"
"326.0","0.0","0.0","0.0","0.0","0.8999999761581421","0.9187386631965637","0.07978763431310654","0.0014737228630110621","1.0028465904921013E-11","0.16099736094474792","0.11681307107210159","0.13890521228313446","0.0"
"327.0","0.0","0.0","0.0","0.0","0.6000000238418579","0.4577474296092987","0.5420044660568237","2.4806123110465705E-4","5.3236497876696376E-8","0.20820960402488708","0.18346790969371796","0.19583874940872192","0.0"
"328.0","0.0","0.0","0.0","0.0","0.8999999761581421","0.9649753570556641","0.03416714072227478","3.493531473540953E-17","8.575035026296973E-4","0.25492146611213684","0.23769594728946686","0.24630871415138245","0.0"
"329.0","0.0","0.0","0.0","0.0","0.8999999761581421","0.9438673853874207","0.0020423431415110826","4.099267854416194E-13","0.05409027263522148","0.15825986862182617","0.2487025260925293","0.20348119735717773","0.0"
"330.0","0.0","0.0","0.0","0.0","0.8999999761581421","0.9019775986671448","0.08434592932462692","3.453142838338863E-8","0.013676422648131847","0.2688243091106415","0.39525309205055237","0.3320387005805969","1.0"
"331.0","0.0","0.0","0.0","0.0","0.6000000238418579","0.016261277720332146","0.9834167957305908","1.301508678608343E-9","3.2193996594287455E-4","0.3175848722457886","0.21045221388339996","0.26401853561401367","0.0"
"332.0","0.0","0.0","0.0","0.0","0.6000000238418579","0.068870410323143","0.9311295747756958","1.0502244407462058E-8","1.605184735131715E-11","0.32339292764663696","0.23163527250289917","0.27751410007476807","0.0"
"333.0","0.0","0.0","0.0","0.0","0.8999999761581421","0.8120309710502625","0.18743763864040375","5.314097506925464E-4","1.679788808051086E-10","0.35914239287376404","0.19887006282806396","0.2790062427520752","0.0"
"334.0","0.0","0.0","0.0","0.0","0.8999999761581421","0.5436124801635742","0.45611095428466797","2.765846438705921E-4","8.538891121956382E-11","0.28794142603874207","0.14983676373958588","0.21888908743858337","0.0"
"335.0","0.0","0.0","0.0","0.0","0.6000000238418579","4.613148848875426E-5","0.9999538660049438","2.0709733927759544E-10","1.0828199448198461E-9","0.4290303587913513","0.4658167362213135","0.4474235475063324","1.0"
"336.0","0.0","0.0","0.0","0.0","0.8999999761581421","0.6079235672950745","0.386747270822525","0.005329148378223181","2.1236333871965662E-11","0.5242388844490051","0.29494303464889526","0.4095909595489502","1.0"
"337.0","0.0","0.0","0.0","0.0","0.8999999761581421","0.7095672488212585","0.29043275117874146","7.582030114861027E-9","5.172800033333266E-16","0.3568853735923767","0.18054373562335968","0.2687145471572876","0.0"
"338.0","0.0","0.0","0.0","0.0","0.6000000238418579","0.05854417756199837","0.9182871580123901","0.02316865511238575","6.502324623611568E-19","0.33754783868789673","0.23750296235084534","0.2875254154205322","0.0"
"339.0","0.0","0.0","0.0","0.0","0.6000000238418579","0.256425678730011","0.5630900263786316","0.1804843246936798","1.7392210885778294E-16","0.2632283568382263","0.3000274896621704","0.28162792325019836","1.0"
"340.0","0.0","0.0","0.0","0.0","0.6000000238418579","0.38248082995414734","0.616182267665863","0.0013369176303967834","3.107532474074838E-14","0.35169053077697754","0.22319279611110687","0.2874416708946228","0.0"
"341.0","0.0","0.0","0.0","0.0","0.6000000238418579","0.40704870223999023","0.5923908948898315","5.604186444543302E-4","1.151750084193992E-10","0.32969847321510315","0.27523133158683777","0.30246490240097046","1.0"
"342.0","0.0","0.0","0.0","0.0","0.6000000238418579","0.3438570499420166","0.656130313873291","1.1912603440578096E-5","7.093290150805842E-7","0.297942578792572","0.2183779627084732","0.258160263299942","0.0"
"343.0","0.0","0.0","0.0","0.0","0.8999999761581421","0.821212887763977","0.1787870079278946","1.1576397440649089E-7","8.518532407242319E-11","0.31726112961769104","0.2690489888191223","0.29315507411956787","0.0"
"344.0","0.0","0.0","0.0","0.0","0.6000000238418579","0.38646385073661804","0.6115745902061462","0.001961578382179141","1.8323882721490298E-13","0.29468220472335815","0.22870944440364838","0.26169583201408386","0.0"
"345.0","0.0","0.0","0.0","0.0","0.8999999761581421","0.9983038902282715","0.001475864788517356","2.2026454098522663E-4","2.5211049914375394E-10","0.2687406539916992","0.30229321122169495","0.2855169177055359","1.0"
"346.0","0.0","0.0","0.0","0.0","0.8999999761581421","0.82937091588974","0.17062903940677643","3.65447974104427E-8","2.231760783122372E-12","0.2886212468147278","0.19281280040740967","0.24071702361106873","0.0"
"347.0","0.0","0.0","0.0","0.0","0.8999999761581421","0.6492874622344971","0.3507046103477478","7.931332220323384E-6","2.2530795285025107E-10","0.37384167313575745","0.2525460720062256","0.3131938576698303","0.0"
"348.0","0.0","0.0","0.0","0.0","0.8999999761581421","0.7657002210617065","0.23381111025810242","4.886770620942116E-4","1.6627059451490567E-10","0.36919352412223816","0.4154946804046631","0.3923441171646118","1.0"
"349.0","0.0","0.0","0.0","0.0","0.8999999761581421","0.9999575018882751","4.2515399400144815E-5","1.7150123274178104E-25","4.977528611505022E-9","0.171192467212677","0.16217675805091858","0.1666846126317978","0.0"
"350.0","0.0","0.0","0.0","0.0","0.6000000238418579","0.2250988930463791","0.500892162322998","0.27400895953178406","9.607190737392912E-11","0.2143671214580536","0.3299016058444977","0.27213436365127563","1.0"
"351.0","0.0","0.0","0.0","0.0","0.8999999761581421","0.589985728263855","0.3973458409309387","0.012668445706367493","1.5956136412142996E-9","0.2383977472782135","0.22206616401672363","0.23023195564746857","0.0"
"352.0","0.0","0.0","0.0","0.0","0.8999999761581421","0.9999233484268188","7.525065302615985E-5","3.288011502035008E-18","1.4104634828981943E-6","0.30078279972076416","0.320123553276062","0.3104531764984131","1.0"
"353.0","0.0","0.0","0.0","0.0","0.8999999761581421","0.9484266638755798","0.05157294496893883","1.065363690599952E-7","2.5453786633988784E-7","0.1731247901916504","0.20060066878795624","0.1868627369403839","0.0"
"354.0","0.0","0.0","0.0","0.0","0.8999999761581421","0.9553216695785522","0.04460269585251808","2.5277749955421314E-5","5.037446317146532E-5","0.21855966746807098","0.26903629302978516","0.24379798769950867","0.0"
"355.0","0.0","0.0","0.0","0.0","0.8999999761581421","0.7580509781837463","0.2376691699028015","0.004279879853129387","5.03263264395315E-10","0.31446176767349243","0.3544865846633911","0.3344741761684418","1.0"
"356.0","0.0","0.0","0.0","0.0","0.8999999761581421","0.5405805110931396","0.4522668719291687","0.007152582984417677","3.2139617189841374E-8","0.35953041911125183","0.4113813042640686","0.385455846786499","1.0"
"357.0","0.0","0.0","0.0","0.0","0.8999999761581421","0.6743916869163513","0.3206275403499603","0.004980756901204586","4.6835424427627E-10","0.2905009686946869","0.3203190863132477","0.3054100275039673","1.0"
"358.0","0.0","0.0","0.0","0.0","0.8999999761581421","0.7996541261672974","0.19688072800636292","0.0034635206684470177","1.6133061535583693E-6","0.27943915128707886","0.3772624731063843","0.32835081219673157","1.0"
"359.0","0.0","0.0","0.0","0.0","0.6000000238418579","0.09331444650888443","0.9066272377967834","5.701313057215884E-5","1.3220042092143558E-6","0.6647664904594421","0.5868111252784729","0.6257888078689575","1.0"
"360.0","0.0","0.0","0.0","0.0","0.8999999761581421","0.8649088740348816","0.1269257813692093","0.008165322244167328","5.786511714234166E-9","0.43689125776290894","0.1607835590839386","0.29883742332458496","0.0"
"361.0","0.0","0.0","0.0","0.0","0.8999999761581421","0.6027581095695496","0.397194504737854","4.6009226934984326E-5","1.3736104165218421E-6","0.4843011498451233","0.22474485635757446","0.3545230031013489","0.0"
"362.0","0.0","0.0","0.0","0.0","0.6000000238418579","0.2744169235229492","0.7124403715133667","0.013142723590135574","4.960753585692146E-9","0.5186593532562256","0.3975257873535156","0.4580925703048706","1.0"
"363.0","0.0","0.0","0.0","0.0","0.8999999761581421","0.8414871096611023","0.15696920454502106","0.0015436963876709342","1.0887582502228099E-10","0.21897202730178833","0.26724690198898315","0.24310946464538574","0.0"
"364.0","0.0","0.0","0.0","0.0","0.8999999761581421","0.9983888268470764","0.0016110959695652127","6.603016089457014E-8","6.394146878641038E-10","0.1836310476064682","0.15818138420581818","0.1709062159061432","0.0"
"365.0","0.0","0.0","0.0","0.0","0.6000000238418579","0.23507818579673767","0.7648988962173462","2.249145836685784E-5","4.5298875761545787E-7","0.19942794740200043","0.12089188396930695","0.1601599156856537","0.0"
"366.0","0.0","0.0","0.0","0.0","0.8999999761581421","0.506506085395813","0.4934929609298706","9.228679687112162E-7","2.4048216751282325E-9","0.2921255826950073","0.2504132091999054","0.27126938104629517","0.0"
"367.0","0.0","0.0","0.0","0.0","0.8999999761581421","0.9131237864494324","0.08687621355056763","2.2386066333979215E-9","1.1022746604361089E-10","0.17004738748073578","0.1351369470357895","0.15259216725826263","0.0"
"368.0","0.0","0.0","0.0","0.0","0.8999999761581421","0.9570320844650269","0.03644045442342758","0.00652747368440032","4.196179403948008E-9","0.21863485872745514","0.10461021959781647","0.1616225391626358","0.0"
"369.0","0.0","0.0","0.0","0.0","0.8999999761581421","0.5011613965034485","0.48864448070526123","0.010194123722612858","6.00585359222805E-9","0.3573353886604309","0.3981205224990845","0.3777279555797577","1.0"
"370.0","0.0","0.0","0.0","0.0","0.8999999761581421","0.5042306780815125","0.49574029445648193","2.9061107852612622E-5","7.404341029193517E-11","0.4621807634830475","0.43368926644325256","0.44793501496315","1.0"
"371.0","0.0","0.0","0.0","0.0","0.8999999761581421","0.7500413060188293","0.24995847046375275","2.015483318018596E-7","7.840600169117806E-9","0.3705267310142517","0.26852598786354065","0.3195263743400574","0.0"
"372.0","0.0","0.0","0.0","0.0","0.6000000238418579","0.11616607755422592","0.8787378668785095","0.005096045788377523","3.9137738189198856E-11","0.43722105026245117","0.3336131274700165","0.385417103767395","1.0"
"373.0","0.0","0.0","0.0","0.0","0.8999999761581421","0.7918457984924316","0.13318954408168793","0.07496467232704163","2.476196470091452E-10","0.39364540576934814","0.29518604278564453","0.34441572427749634","1.0"
"374.0","0.0","0.0","0.0","0.0","0.6000000238418579","0.005136953666806221","0.5395684242248535","0.4552946388721466","1.88060034211901E-9","0.43105944991111755","0.5228280425071716","0.4769437313079834","1.0"
"375.0","0.0","0.0","0.0","0.0","0.6000000238418579","0.016251977533102036","0.9774388670921326","0.006309169344604015","2.125901676919284E-10","0.5904232859611511","0.5054112076759338","0.5479172468185425","1.0"
"376.0","0.0","0.0","0.0","0.0","0.8999999761581421","0.999994158744812","5.832644546899246E-6","1.2042891932476865E-17","1.0803397022460248E-12","0.1799682378768921","0.11306785047054291","0.1465180516242981","0.0"
"377.0","0.0","0.0","0.0","0.0","0.8999999761581421","0.990276038646698","0.009723966009914875","7.808612087554893E-15","2.4572425257746167E-12","0.1965024769306183","0.10676968097686768","0.15163607895374298","0.0"
"378.0","0.0","0.0","0.0","0.0","0.6000000238418579","0.42687559127807617","0.5400642156600952","0.033060211688280106","5.830808613715988E-10","0.24311555922031403","0.14733532071113586","0.19522544741630554","0.0"
